flight_id,airline,airline_code,origin,destination,route_type,aircraft_type,aircraft_registration,terminal,gate,flight_status,scheduled_departure,estimated_departure,scheduled_arrival,estimated_arrival,scheduled_departure_date,scheduled_departure_hour,planned_capacity,passenger_count,load_factor_percent,baggage_count,total_baggage_weight_kg,average_baggage_weight_kg,staff_required,staff_available,staff_availability_pct,baggage_progress_pct,unresolved_incidents,time_remaining_minutes,delay_minutes,delay_cause,delay_status,delay_occurred,operational_risk_score,delay_risk
UK-633,Vistara,UK,DEL,SIN,Long-Haul Intl,A350,VT-PIU,T3,B3,Departed,11/11/2024 15:23,11/11/2024 15:53,11/11/2024 17:23,11/11/2024 20:53,11/11/2024,15,307,271,88.30218091521816,4,96.30341355053137,24.075853387632844,12,10,83.33,51,0,25,30,ATC,Moderate,1,40.86,MEDIUM
BA-6017,British Airways,BA,DEL,DXB,Long-Haul Intl,A350,VT-JVI,T3,B12,Departed,05/10/2024 07:49,05/10/2024 07:49,05/10/2024 14:49,05/10/2024 15:49,05/10/2024,7,195,169,86.91641206755192,5,86.82959872015239,17.365919744030478,9,6,66.67,60,3,103,0,CREW,On-Time,0,54.79,MEDIUM
BA-7303,British Airways,BA,DEL,DXB,Long-Haul Intl,B737,VT-GJR,T3,B50,Departed,29/11/2024 13:09,29/11/2024 13:09,29/11/2024 15:09,29/11/2024 18:09,29/11/2024,13,171,141,82.79207296277588,2,28.531801770060873,14.265900885030437,10,4,40,42,1,71,0,TECH,On-Time,0,57.33,MEDIUM
KL-7243,KLM,KL,DEL,MAA,Domestic,B737,VT-HNH,T3,B3,Departed,15/11/2024 15:07,15/11/2024 15:37,15/11/2024 22:07,16/11/2024 01:37,15/11/2024,15,327,288,88.10054208482607,3,59.58551308245448,19.861837694151493,12,8,66.67,81,0,22,30,WX,Moderate,1,34.8,LOW
SG-1280,SpiceJet,SG,DEL,KUL,Long-Haul Intl,B787,VT-TED,T3,B29,Departed,21/11/2024 19:06,21/11/2024 19:06,21/11/2024 23:06,22/11/2024 03:06,21/11/2024,19,180,178,98.94737545,4,46.62881377963996,11.65720344490999,8,7,87.5,80,1,100,0,WX,On-Time,0,29.52,LOW
AF-7400,Air France,AF,DEL,AMS,Long-Haul Intl,B737,VT-DIO,T3,B11,Departed,24/10/2024 20:00,24/10/2024 20:30,25/10/2024 00:00,25/10/2024 06:30,24/10/2024,20,230,203,88.42694924925559,1,30.914759702333416,30.914759702333416,10,10,100,67,0,82,30,TECH,Moderate,1,25.91,LOW
KL-5794,KLM,KL,DEL,DXB,Long-Haul Intl,A320,VT-KKH,T3,B17,Departed,01/11/2024 20:26,01/11/2024 21:26,01/11/2024 22:26,02/11/2024 07:26,01/11/2024,20,217,197,90.82926351038084,0,0,0,10,4,40,35,1,68,60,WX,Moderate,1,60.05,HIGH
AF-8222,Air France,AF,DEL,BLR,Domestic,A350,VT-TPC,T3,B32,Departed,05/12/2024 09:01,05/12/2024 09:01,05/12/2024 15:01,05/12/2024 19:01,05/12/2024,9,294,288,98.26960753107858,3,75.72103790127687,25.240345967092292,12,4,33.33,53,0,95,0,ATC,On-Time,0,46.3,MEDIUM
EK-6988,Emirates,EK,DEL,CDG,Long-Haul Intl,A350,VT-WFR,T3,B7,Departed,22/11/2024 13:18,22/11/2024 13:18,22/11/2024 23:18,22/11/2024 21:18,22/11/2024,13,249,258,103.97218232927314,2,25.461377200054564,12.730688600027282,7,7,100,65,1,131,0,CREW,On-Time,0,28.83,LOW
KL-8872,KLM,KL,DEL,BOM,Domestic,A320,VT-TOZ,T3,B9,Departed,07/10/2024 07:19,07/10/2024 07:19,07/10/2024 10:19,07/10/2024 11:19,07/10/2024,7,249,186,75.05062774506132,2,20.035602396730102,10.017801198365051,8,8,100,48,0,194,0,CREW,On-Time,0,22.38,LOW
KL-5723,KLM,KL,DEL,HYD,Domestic,B787,VT-UQQ,T3,B48,Departed,10/12/2024 12:12,10/12/2024 12:42,10/12/2024 21:12,10/12/2024 20:42,10/12/2024,12,338,308,91.15166150708102,4,48.33980522,12.0849513,12,8,66.67,87,0,128,30,ATC,Moderate,1,23.06,LOW
SG-3304,SpiceJet,SG,DEL,CDG,Long-Haul Intl,A320,VT-JNH,T3,B6,Departed,02/12/2024 09:22,02/12/2024 09:22,02/12/2024 18:22,02/12/2024 11:22,02/12/2024,9,307,271,88.37884138139597,1,26.00238570391408,26.00238570391408,8,5,62.5,82,3,202,0,TECH,On-Time,0,39.13,MEDIUM
6E-4777,IndiGo,6E,DEL,AMS,Long-Haul Intl,A350,VT-ZGL,T3,B6,Departed,16/10/2024 18:57,16/10/2024 18:57,16/10/2024 22:57,17/10/2024 01:57,16/10/2024,18,282,266,94.45641532447377,2,58.925481267663216,29.462740633831608,8,8,100,96,3,211,0,ATC,On-Time,0,24.04,LOW
6E-5154,IndiGo,6E,DEL,SIN,Long-Haul Intl,A350,VT-VXR,T3,B18,Departed,26/12/2024 04:06,26/12/2024 04:06,26/12/2024 14:06,26/12/2024 12:06,26/12/2024,4,337,353,105,4,84.61445537961036,21.15361384490259,10,8,80,100,0,84,0,ATC,On-Time,0,19.18,LOW
SG-226,SpiceJet,SG,DEL,DXB,Long-Haul Intl,B737,VT-CYN,T3,B4,Departed,21/10/2024 08:23,21/10/2024 08:23,21/10/2024 16:23,21/10/2024 16:23,21/10/2024,8,316,257,81.46420640443478,2,25.243401139731066,12.621700569865533,9,5,55.56,98,2,100,0,WX,On-Time,0,37.87,MEDIUM
AF-3272,Air France,AF,DEL,FRA,Long-Haul Intl,A350,VT-QIM,T3,B41,Departed,01/12/2024 01:18,01/12/2024 01:18,01/12/2024 10:18,01/12/2024 07:18,01/12/2024,1,232,223,96.15692351653256,6,109.82316069269899,18.303860115449833,8,6,75,97,0,214,0,CREW,On-Time,0,9.66,LOW
KL-7419,KLM,KL,DEL,SIN,Long-Haul Intl,B787,VT-ZXM,T3,B39,Departed,22/12/2024 20:16,22/12/2024 20:16,23/12/2024 05:16,22/12/2024 23:16,22/12/2024,20,310,264,85.20231619388682,6,122.0849648653509,20.34749414422515,11,11,100,67,0,237,0,ATC,On-Time,0,11.82,LOW
IX-5116,Air India Express,IX,DEL,CDG,Long-Haul Intl,A350,VT-TLJ,T3,B12,Departed,02/10/2024 14:01,02/10/2024 16:31,02/10/2024 21:01,02/10/2024 19:31,02/10/2024,14,243,193,79.57818783767917,1,20.620482314002004,20.620482314002004,10,10,100,75,0,34,150,TURNAROUND,Moderate,1,27.48,LOW
QR-973,Qatar Airways,QR,DEL,CDG,Long-Haul Intl,A350,VT-ZSA,T3,B13,Departed,22/10/2024 08:20,22/10/2024 08:50,22/10/2024 16:20,22/10/2024 13:50,22/10/2024,8,178,164,92.62126447571308,1,5.217820720792023,5.217820720792023,7,7,100,82,2,119,30,CREW,Moderate,1,30.63,LOW
UK-5452,Vistara,UK,DEL,BOM,Domestic,B787,VT-MKT,T3,B50,Departed,24/12/2024 11:49,24/12/2024 11:49,24/12/2024 13:49,24/12/2024 13:49,24/12/2024,11,328,236,72.20020095985298,1,28.81946043502988,28.81946043502988,9,9,100,47,1,51,0,ATC,On-Time,0,42.4,MEDIUM
EK-610,Emirates,EK,DEL,JFK,Long-Haul Intl,A350,VT-OSL,T3,B10,Departed,10/12/2024 04:30,10/12/2024 04:30,10/12/2024 11:30,10/12/2024 07:30,10/12/2024,4,290,240,82.77792051325947,0,0,0,11,11,100,65,0,115,0,WX,On-Time,0,23.61,LOW
IX-7340,Air India Express,IX,DEL,CCU,Domestic,A350,VT-MGD,T3,B42,Departed,28/11/2024 15:48,28/11/2024 15:48,28/11/2024 23:48,28/11/2024 22:48,28/11/2024,15,250,205,82.22590049522798,7,102.93609550217757,14.70515650031108,11,7,63.64,38,1,147,0,CREW,On-Time,0,45.91,MEDIUM
SG-3215,SpiceJet,SG,DEL,DXB,Long-Haul Intl,A320,VT-TBF,T3,B15,Departed,25/11/2024 08:13,25/11/2024 08:13,25/11/2024 18:13,25/11/2024 16:13,25/11/2024,8,252,185,73.61141580727448,1,30.27683607300065,30.27683607300065,7,7,100,53,1,215,0,TECH,On-Time,0,25.39,LOW
SG-9349,SpiceJet,SG,DEL,KUL,Long-Haul Intl,A350,VT-TYN,T3,B23,Departed,04/11/2024 23:56,04/11/2024 23:56,05/11/2024 05:56,05/11/2024 01:56,04/11/2024,23,207,170,82.51834127956323,3,25.174831646120815,8.391610548706938,9,7,77.78,47,2,165,0,WX,On-Time,0,44.26,MEDIUM
AF-7771,Air France,AF,DEL,LHR,Long-Haul Intl,A350,VT-EQU,T3,B7,Departed,15/12/2024 11:16,15/12/2024 12:16,15/12/2024 15:16,15/12/2024 16:16,15/12/2024,11,169,155,91.75650210027833,2,39.01285236535011,19.506426182675057,10,10,100,57,0,132,60,CREW,Moderate,1,24.87,LOW
AF-5192,Air France,AF,DEL,HYD,Domestic,A350,VT-THR,T3,B1,Departed,10/12/2024 05:19,10/12/2024 05:19,10/12/2024 08:19,10/12/2024 12:19,10/12/2024,5,296,256,86.61537317908251,3,72.47434051962377,24.158113506541255,6,6,100,35,3,102,0,TECH,On-Time,0,55.3,MEDIUM
IX-3850,Air India Express,IX,DEL,JFK,Long-Haul Intl,A350,VT-SGJ,T3,B5,Departed,10/10/2024 09:46,10/10/2024 09:46,10/10/2024 18:46,10/10/2024 12:46,10/10/2024,9,323,261,80.90112389875657,4,59.85811906,14.96452976,9,6,66.67,88,1,62,0,TECH,On-Time,0,35.38,MEDIUM
6E-6656,IndiGo,6E,DEL,BOM,Domestic,B737,VT-XBL,T3,B41,Departed,18/12/2024 18:16,18/12/2024 18:16,19/12/2024 02:16,19/12/2024 01:16,18/12/2024,18,164,123,75.52306204,4,81.23037067549555,20.307592668873887,7,6,85.71,49,0,135,0,TECH,On-Time,0,30.97,LOW
EK-4838,Emirates,EK,DEL,BLR,Domestic,A350,VT-RYA,T3,B1,Departed,19/12/2024 16:16,19/12/2024 16:16,19/12/2024 21:16,20/12/2024 00:16,19/12/2024,16,223,169,76.03967178827405,2,41.304669680950425,20.652334840475213,11,5,45.45,99,1,182,0,ATC,On-Time,0,25.93,LOW
SG-3014,SpiceJet,SG,DEL,FRA,Long-Haul Intl,A350,VT-XVF,T3,B27,Departed,13/10/2024 02:25,13/10/2024 02:25,13/10/2024 05:25,13/10/2024 04:25,13/10/2024,2,258,270,105,2,44.25248961536019,22.126244807680095,10,6,60,49,0,97,0,TURNAROUND,On-Time,0,40.85,MEDIUM
IX-6265,Air India Express,IX,DEL,SIN,Long-Haul Intl,A320,VT-MUO,T3,B46,Departed,26/11/2024 03:15,26/11/2024 03:15,26/11/2024 10:15,26/11/2024 07:15,26/11/2024,3,276,252,91.46367606363476,3,41.49328558749637,13.831095195832125,9,6,66.67,55,1,77,0,CREW,On-Time,0,45.57,MEDIUM
LH-2984,Lufthansa,LH,DEL,SIN,Long-Haul Intl,A320,VT-QJE,T3,B35,Departed,09/10/2024 20:22,09/10/2024 20:22,10/10/2024 00:22,10/10/2024 02:22,09/10/2024,20,163,143,87.96405233378168,2,42.40465066846478,21.20232533423239,6,6,100,53,2,52,0,WX,On-Time,0,46.87,MEDIUM
SQ-157,Singapore Airlines,SQ,DEL,HYD,Domestic,B737,VT-WBU,T3,B39,Departed,25/11/2024 21:41,25/11/2024 21:41,26/11/2024 07:41,26/11/2024 05:41,25/11/2024,21,322,308,95.93291067,1,8.666888408,8.666888408,6,6,100,94,0,33,0,WX,On-Time,0,20.92,LOW
BA-2502,British Airways,BA,DEL,KUL,Long-Haul Intl,A320,VT-LQV,T3,B31,Departed,30/10/2024 16:33,30/10/2024 16:33,31/10/2024 00:33,30/10/2024 20:33,30/10/2024,16,336,290,86.49884013,3,51.782584478023395,17.260861492674465,8,5,62.5,67,0,181,0,WX,On-Time,0,26.29,LOW
EK-2405,Emirates,EK,DEL,DXB,Long-Haul Intl,B737,VT-KQV,T3,B10,Departed,03/10/2024 16:43,03/10/2024 16:43,03/10/2024 20:43,04/10/2024 01:43,03/10/2024,16,315,232,73.78841437963482,2,34.16172433596114,17.08086216798057,8,8,100,83,0,208,0,CREW,On-Time,0,8.86,LOW
EK-7794,Emirates,EK,DEL,HYD,Domestic,B787,VT-USY,T3,B25,Departed,08/12/2024 03:39,08/12/2024 03:39,08/12/2024 12:39,08/12/2024 13:39,08/12/2024,3,214,189,88.48414266246401,6,87.62872367,14.604787278310733,12,8,66.67,69,1,151,0,TURNAROUND,On-Time,0,33.94,LOW
EK-1004,Emirates,EK,DEL,BOM,Domestic,A320,VT-MTY,T3,B45,Departed,14/11/2024 10:25,14/11/2024 10:25,14/11/2024 17:25,14/11/2024 20:25,14/11/2024,10,332,258,78.00407834680088,2,57.414734879721294,28.707367439860647,7,7,100,78,1,235,0,WX,On-Time,0,14.82,LOW
SQ-7231,Singapore Airlines,SQ,DEL,AMS,Long-Haul Intl,A320,VT-LZO,T3,B20,Departed,22/10/2024 12:02,22/10/2024 13:02,22/10/2024 15:02,22/10/2024 16:02,22/10/2024,12,282,241,85.51887381921811,1,25.16696044222569,25.16696044222569,9,4,44.44,45,0,78,60,CREW,Moderate,1,47.87,MEDIUM
AF-9002,Air France,AF,DEL,JFK,Long-Haul Intl,A350,VT-GQT,T3,B44,Departed,07/12/2024 18:33,07/12/2024 18:33,07/12/2024 23:33,07/12/2024 22:33,07/12/2024,18,209,176,84.49461724887635,3,44.30434327011367,14.768114423371223,9,8,88.89,100,0,176,0,CREW,On-Time,0,8.6,LOW
6E-8868,IndiGo,6E,DEL,FRA,Long-Haul Intl,A320,VT-VMO,T3,B14,Departed,10/12/2024 19:49,10/12/2024 19:49,11/12/2024 05:49,10/12/2024 23:49,10/12/2024,19,199,179,90.25146210848328,4,67.82885239825643,16.957213099564107,12,12,100,80,2,102,0,WX,On-Time,0,32.88,LOW
EK-6112,Emirates,EK,DEL,AMS,Long-Haul Intl,B787,VT-SIE,T3,B32,Departed,07/11/2024 07:30,07/11/2024 07:30,07/11/2024 12:30,07/11/2024 14:30,07/11/2024,7,213,196,92.02419021663746,6,82.28473886,13.714123143315083,11,5,45.45,43,2,153,0,WX,On-Time,0,54.83,MEDIUM
SQ-4907,Singapore Airlines,SQ,DEL,DOH,Long-Haul Intl,B787,VT-OFD,T3,B28,Departed,18/11/2024 16:36,18/11/2024 16:36,18/11/2024 18:36,19/11/2024 00:36,18/11/2024,16,338,267,79.23536678833196,3,22.94712725645895,7.649042419,11,4,36.36,37,0,140,0,CREW,On-Time,0,47.05,MEDIUM
6E-6305,IndiGo,6E,DEL,MAA,Domestic,B787,VT-SPC,T3,B8,Departed,21/11/2024 13:59,21/11/2024 13:59,21/11/2024 23:59,21/11/2024 23:59,21/11/2024,13,161,144,89.57718449514029,2,26.834227144970257,13.417113572485128,12,12,100,60,0,196,0,CREW,On-Time,0,18,LOW
AF-479,Air France,AF,DEL,SIN,Long-Haul Intl,B787,VT-RVE,T3,B11,Departed,13/11/2024 02:14,13/11/2024 02:14,13/11/2024 11:14,13/11/2024 10:14,13/11/2024,2,322,278,86.43358978898183,3,45.350061622559785,15.116687207519929,11,11,100,82,0,187,0,CREW,On-Time,0,11.12,LOW
KL-6711,KLM,KL,DEL,FRA,Long-Haul Intl,B787,VT-UWO,T3,B12,Departed,30/10/2024 07:33,30/10/2024 07:33,30/10/2024 16:33,30/10/2024 09:33,30/10/2024,7,301,266,88.44347116341442,5,85.29381661,17.05876332181894,8,8,100,100,0,102,0,TECH,On-Time,0,12.55,LOW
EK-8800,Emirates,EK,DEL,KUL,Long-Haul Intl,A320,VT-FNY,T3,B11,Departed,15/12/2024 16:01,15/12/2024 16:01,16/12/2024 02:01,15/12/2024 18:01,15/12/2024,16,166,150,90.90206384912295,1,25.97158909,25.97158909,9,9,100,62,0,212,0,TECH,On-Time,0,15.85,LOW
SQ-803,Singapore Airlines,SQ,DEL,BLR,Domestic,A350,VT-OYL,T3,B27,Departed,18/11/2024 22:42,18/11/2024 22:42,19/11/2024 00:42,19/11/2024 02:42,18/11/2024,22,169,131,77.82879792918024,2,44.30403412087034,22.15201706043517,12,11,91.67,60,2,216,0,WX,On-Time,0,31.6,LOW
EK-4291,Emirates,EK,DEL,CCU,Domestic,A350,VT-YYJ,T3,B21,Departed,05/10/2024 01:34,05/10/2024 02:04,05/10/2024 06:34,05/10/2024 05:04,05/10/2024,1,327,286,87.66707581689546,3,47.86359688846893,15.95453229615631,9,4,44.44,59,0,46,30,TECH,Moderate,1,45.88,MEDIUM
SQ-9887,Singapore Airlines,SQ,DEL,HYD,Domestic,A350,VT-VXW,T3,B32,Departed,19/12/2024 14:51,19/12/2024 14:51,19/12/2024 16:51,19/12/2024 17:51,19/12/2024,14,269,226,84.21253178312178,5,106.12066666720636,21.224133333441273,6,6,100,46,1,99,0,TECH,On-Time,0,38.38,MEDIUM
EK-9617,Emirates,EK,DEL,JFK,Long-Haul Intl,A320,VT-XSN,T3,B49,Departed,19/10/2024 13:03,19/10/2024 13:03,19/10/2024 19:03,19/10/2024 18:03,19/10/2024,13,242,188,77.83429982216451,2,47.379520164306065,23.689760082153033,8,4,50,39,3,153,0,WX,On-Time,0,61.76,HIGH
SQ-6550,Singapore Airlines,SQ,DEL,DXB,Long-Haul Intl,A350,VT-BRI,T3,B6,Departed,12/10/2024 15:47,12/10/2024 15:47,12/10/2024 20:47,12/10/2024 18:47,12/10/2024,15,223,172,77.56579351496696,2,57.561460779453114,28.780730389726557,10,10,100,82,1,32,0,CREW,On-Time,0,31.88,LOW
EK-2880,Emirates,EK,DEL,DXB,Long-Haul Intl,A350,VT-WHN,T3,B13,Departed,13/11/2024 14:53,13/11/2024 14:53,14/11/2024 00:53,13/11/2024 19:53,13/11/2024,14,340,309,91.08802418728186,3,37.67559566,12.558531885135134,8,4,50,71,2,83,0,CREW,On-Time,0,50.26,MEDIUM
EK-3350,Emirates,EK,DEL,CDG,Long-Haul Intl,B737,VT-GCX,T3,B41,Departed,17/12/2024 21:07,17/12/2024 21:07,17/12/2024 23:07,18/12/2024 07:07,17/12/2024,21,328,331,101.10900458925936,2,37.508312842944235,18.754156421472118,12,6,50,78,0,209,0,CREW,On-Time,0,23.02,LOW
QR-3827,Qatar Airways,QR,DEL,FRA,Long-Haul Intl,A350,VT-SUF,T3,B16,Departed,16/12/2024 15:40,16/12/2024 15:40,16/12/2024 22:40,16/12/2024 22:40,16/12/2024,15,305,260,85.48943668980606,1,27.36207817418829,27.36207817418829,10,7,70,49,1,166,0,CREW,On-Time,0,38.74,MEDIUM
6E-7010,IndiGo,6E,DEL,JFK,Long-Haul Intl,A320,VT-XCI,T3,B18,Departed,28/11/2024 13:50,28/11/2024 14:20,28/11/2024 18:50,28/11/2024 16:20,28/11/2024,13,183,180,98.80764396,3,58.56647140945939,19.522157136486463,6,6,100,77,0,223,30,ATC,Moderate,1,9.6,LOW
EK-5845,Emirates,EK,DEL,CDG,Long-Haul Intl,A320,VT-YYO,T3,B26,Departed,14/12/2024 19:25,14/12/2024 19:25,14/12/2024 23:25,14/12/2024 22:25,14/12/2024,19,323,296,91.78655978338487,2,36.84058689700797,18.420293448503983,12,9,75,82,1,99,0,WX,On-Time,0,32.03,LOW
EK-6783,Emirates,EK,DEL,SIN,Long-Haul Intl,A320,VT-KUV,T3,B50,Departed,24/10/2024 12:16,24/10/2024 12:16,24/10/2024 15:16,24/10/2024 16:16,24/10/2024,12,278,240,86.67372701,1,14.918128421810351,14.918128421810351,7,7,100,80,1,142,0,TECH,On-Time,0,22.58,LOW
IX-8612,Air India Express,IX,DEL,BOM,Domestic,A350,VT-QNR,T3,B20,Departed,27/12/2024 01:05,27/12/2024 01:05,27/12/2024 03:05,27/12/2024 03:05,27/12/2024,1,328,241,73.64328438174863,3,33.789607695978276,11.263202565326091,9,9,100,77,0,62,0,TURNAROUND,On-Time,0,24.23,LOW
LH-9802,Lufthansa,LH,DEL,SIN,Long-Haul Intl,B787,VT-WJU,T3,B45,Departed,14/10/2024 03:36,14/10/2024 03:36,14/10/2024 10:36,14/10/2024 06:36,14/10/2024,3,245,209,85.63637947224714,3,32.6777191,10.892573031975566,6,5,83.33,55,1,221,0,TECH,On-Time,0,28.31,LOW
SG-6270,SpiceJet,SG,DEL,SIN,Long-Haul Intl,B787,VT-DER,T3,B11,Departed,31/10/2024 10:04,31/10/2024 10:04,31/10/2024 18:04,31/10/2024 14:04,31/10/2024,10,269,272,101.2461423780318,4,78.52564354858939,19.631410887147347,9,9,100,57,1,108,0,TURNAROUND,On-Time,0,33.72,LOW
AF-4478,Air France,AF,DEL,LHR,Long-Haul Intl,A320,VT-YSF,T3,B35,Departed,16/10/2024 11:10,16/10/2024 11:10,16/10/2024 15:10,16/10/2024 13:10,16/10/2024,11,208,176,84.75944247,1,21.016695130174085,21.016695130174085,11,6,54.55,81,0,167,0,TURNAROUND,On-Time,0,24.65,LOW
LH-5876,Lufthansa,LH,DEL,SIN,Long-Haul Intl,A320,VT-GUZ,T3,B5,Departed,29/12/2024 06:32,29/12/2024 06:32,29/12/2024 12:32,29/12/2024 12:32,29/12/2024,6,253,226,89.65379101963707,0,0,0,7,7,100,49,3,114,0,TECH,On-Time,0,49.3,MEDIUM
BA-7353,British Airways,BA,DEL,JFK,Long-Haul Intl,B787,VT-BQN,T3,B30,Departed,15/12/2024 23:32,15/12/2024 23:32,16/12/2024 04:32,16/12/2024 05:32,15/12/2024,23,334,279,83.59482588353289,3,31.78024819910398,10.593416066367993,7,6,85.71,59,2,215,0,TECH,On-Time,0,33.53,LOW
KL-8143,KLM,KL,DEL,KUL,Long-Haul Intl,B787,VT-ISS,T3,B12,Departed,28/10/2024 09:23,28/10/2024 09:53,28/10/2024 18:23,28/10/2024 11:53,28/10/2024,9,297,288,96.98785477841338,1,11.524700686796857,11.524700686796857,6,6,100,70,1,191,30,CREW,Moderate,1,21.62,LOW
SG-4587,SpiceJet,SG,DEL,LHR,Long-Haul Intl,B787,VT-NHF,T3,B44,Departed,11/10/2024 06:03,11/10/2024 06:03,11/10/2024 09:03,11/10/2024 09:03,11/10/2024,6,188,160,85.48896152043497,4,115.25202753884824,28.81300688471206,7,5,71.43,85,0,170,0,TURNAROUND,On-Time,0,18.76,LOW
LH-2754,Lufthansa,LH,DEL,CDG,Long-Haul Intl,B787,VT-AKP,T3,B29,Departed,03/11/2024 06:20,03/11/2024 06:50,03/11/2024 09:20,03/11/2024 10:50,03/11/2024,6,209,200,95.89193190096232,3,60.157225168667495,20.052408389555833,10,9,90,49,1,21,30,ATC,Moderate,1,46.93,MEDIUM
UK-2300,Vistara,UK,DEL,KUL,Long-Haul Intl,B737,VT-QSD,T3,B32,Departed,02/10/2024 15:57,02/10/2024 15:57,02/10/2024 21:57,03/10/2024 01:57,02/10/2024,15,302,237,78.48806460649132,2,42.737623141208395,21.368811570604198,7,6,85.71,55,0,139,0,ATC,On-Time,0,28.5,LOW
AI-6498,Air India,AI,DEL,CCU,Domestic,A350,VT-NTS,T3,B2,Departed,17/10/2024 05:11,17/10/2024 07:41,17/10/2024 07:11,17/10/2024 16:41,17/10/2024,5,256,227,88.78647536036848,3,73.10354722366948,24.367849074556492,9,6,66.67,47,0,41,150,WX,Moderate,1,44.97,MEDIUM
AF-3244,Air France,AF,DEL,JFK,Long-Haul Intl,B737,VT-KRH,T3,B37,Departed,27/11/2024 10:36,27/11/2024 11:36,27/11/2024 19:36,27/11/2024 19:36,27/11/2024,10,313,272,87.17628665720277,3,79.41337206635433,26.471124022118108,9,9,100,53,1,134,60,TECH,Moderate,1,32.75,LOW
AI-2503,Air India,AI,DEL,CCU,Domestic,A320,VT-PNX,T3,B29,Departed,02/10/2024 06:29,02/10/2024 06:29,02/10/2024 12:29,02/10/2024 11:29,02/10/2024,6,212,174,82.53625973996543,4,83.22621648467646,20.806554121169114,12,10,83.33,68,1,76,0,WX,On-Time,0,36.94,MEDIUM
EK-9487,Emirates,EK,DEL,BLR,Domestic,B787,VT-EQZ,T3,B32,Departed,19/12/2024 02:41,19/12/2024 03:11,19/12/2024 09:41,19/12/2024 05:11,19/12/2024,2,337,273,81.28806970592036,0,0,0,9,8,88.89,86,0,91,30,TURNAROUND,Moderate,1,21.22,LOW
KL-1369,KLM,KL,DEL,AMS,Long-Haul Intl,B787,VT-YBP,T3,B3,Departed,30/10/2024 07:56,30/10/2024 07:56,30/10/2024 16:56,30/10/2024 16:56,30/10/2024,7,206,180,87.44953525,3,40.213577370505575,13.404525790168526,12,10,83.33,61,3,26,0,TECH,On-Time,0,57.27,MEDIUM
QR-7106,Qatar Airways,QR,DEL,MAA,Domestic,B737,VT-BZH,T3,B4,Departed,04/10/2024 17:48,04/10/2024 17:48,05/10/2024 03:48,04/10/2024 21:48,04/10/2024,17,334,293,87.81465888211063,1,10.000228045354817,10.000228045354817,9,9,100,63,2,225,0,CREW,On-Time,0,27.65,LOW
AF-6145,Air France,AF,DEL,JFK,Long-Haul Intl,B787,VT-MAR,T3,B1,Departed,02/11/2024 08:33,02/11/2024 08:33,02/11/2024 14:33,02/11/2024 16:33,02/11/2024,8,315,287,91.2577691,1,20.41415786407689,20.41415786407689,10,4,40,62,1,203,0,TURNAROUND,On-Time,0,38.33,MEDIUM
AF-8958,Air France,AF,DEL,LHR,Long-Haul Intl,A320,VT-KSV,T3,B20,Departed,08/12/2024 00:19,08/12/2024 00:19,08/12/2024 10:19,08/12/2024 02:19,08/12/2024,0,228,208,91.45966286291782,0,0,0,12,10,83.33,69,0,138,0,CREW,On-Time,0,24.29,LOW
KL-1638,KLM,KL,DEL,LHR,Long-Haul Intl,B787,VT-XAQ,T3,B8,Departed,12/12/2024 01:38,12/12/2024 01:38,12/12/2024 08:38,12/12/2024 03:38,12/12/2024,1,216,142,66.00713725656453,0,0,0,8,8,100,42,1,214,0,TECH,On-Time,0,29.33,LOW
AI-4570,Air India,AI,DEL,LHR,Long-Haul Intl,A350,VT-VWR,T3,B40,Departed,23/10/2024 01:47,23/10/2024 02:17,23/10/2024 03:47,23/10/2024 08:17,23/10/2024,1,297,231,77.95965829,3,60.63974043267508,20.213246810891693,11,11,100,50,2,133,30,CREW,Moderate,1,40.56,MEDIUM
SG-2202,SpiceJet,SG,DEL,BLR,Domestic,B787,VT-NWD,T3,B10,Departed,29/10/2024 12:36,29/10/2024 12:36,29/10/2024 19:36,29/10/2024 22:36,29/10/2024,12,250,203,81.20505406809274,9,139.8078633526457,15.534207039182856,6,4,66.67,70,1,35,0,CREW,On-Time,0,44.14,MEDIUM
SG-5021,SpiceJet,SG,DEL,CDG,Long-Haul Intl,A320,VT-HMY,T3,B11,Departed,25/10/2024 01:41,25/10/2024 04:11,25/10/2024 09:41,25/10/2024 06:11,25/10/2024,1,335,309,92.53460287450451,3,43.985189482500964,14.661729827500322,9,7,77.78,64,1,102,150,ATC,Moderate,1,37.37,MEDIUM
6E-3158,IndiGo,6E,DEL,AMS,Long-Haul Intl,A320,VT-NHW,T3,B36,Departed,11/12/2024 16:48,11/12/2024 17:18,11/12/2024 18:48,11/12/2024 20:18,11/12/2024,16,313,241,77.27771539304385,2,35.91908686817975,17.959543434089873,7,7,100,52,1,198,30,WX,Moderate,1,27.28,LOW
LH-1938,Lufthansa,LH,DEL,JFK,Long-Haul Intl,A350,VT-UIC,T3,B39,Departed,02/10/2024 15:42,02/10/2024 16:12,02/10/2024 20:42,02/10/2024 19:12,02/10/2024,15,186,148,79.91660212979664,9,160.12372971636722,17.791525524040804,9,7,77.78,36,0,229,30,TECH,Moderate,1,28.96,LOW
BA-7454,British Airways,BA,DEL,CCU,Domestic,B737,VT-NBN,T3,B28,Departed,21/12/2024 07:59,21/12/2024 08:59,21/12/2024 14:59,21/12/2024 14:59,21/12/2024,7,283,216,76.39965752510221,3,52.979616796227255,17.659872265409085,7,6,85.71,83,0,227,60,ATC,Moderate,1,10.7,LOW
EK-9363,Emirates,EK,DEL,DOH,Long-Haul Intl,A350,VT-GPM,T3,B17,Departed,10/12/2024 01:27,10/12/2024 01:27,10/12/2024 11:27,10/12/2024 11:27,10/12/2024,1,233,202,87.08896826319011,1,25.13607309263804,25.13607309263804,11,11,100,38,1,91,0,WX,On-Time,0,41.91,MEDIUM
SG-1728,SpiceJet,SG,DEL,JFK,Long-Haul Intl,A320,VT-BZZ,T3,B45,Departed,15/10/2024 00:23,15/10/2024 00:53,15/10/2024 06:23,15/10/2024 05:53,15/10/2024,0,217,172,79.66426319934865,3,60.522803051991204,20.17426768399707,11,5,45.45,41,0,143,30,WX,Moderate,1,43.11,MEDIUM
IX-620,Air India Express,IX,DEL,FRA,Long-Haul Intl,B787,VT-BHN,T3,B19,Departed,14/12/2024 08:47,14/12/2024 08:47,14/12/2024 12:47,14/12/2024 16:47,14/12/2024,8,185,172,93.46932714908732,2,43.07504500409533,21.537522502047665,11,7,63.64,73,1,132,0,TECH,On-Time,0,35.02,MEDIUM
UK-3659,Vistara,UK,DEL,CCU,Domestic,A320,VT-TET,T3,B49,Departed,30/12/2024 03:17,30/12/2024 03:17,30/12/2024 08:17,30/12/2024 06:17,30/12/2024,3,330,281,85.25573432659517,2,17.438479026148432,8.719239513074216,7,7,100,47,2,31,0,TECH,On-Time,0,50.88,MEDIUM
SQ-913,Singapore Airlines,SQ,DEL,DOH,Long-Haul Intl,A350,VT-IPN,T3,B26,Departed,05/12/2024 15:54,05/12/2024 16:24,05/12/2024 19:54,05/12/2024 21:24,05/12/2024,15,299,289,96.71272522361274,0,0,0,9,5,55.56,65,1,145,30,TURNAROUND,Moderate,1,38.66,MEDIUM
SQ-9296,Singapore Airlines,SQ,DEL,BLR,Domestic,A320,VT-AYW,T3,B30,Departed,20/12/2024 22:36,20/12/2024 22:36,21/12/2024 08:36,21/12/2024 06:36,20/12/2024,22,241,175,72.71054866111366,4,86.27883867311363,21.569709668278406,11,11,100,97,0,72,0,CREW,On-Time,0,16.32,LOW
AI-7892,Air India,AI,DEL,CCU,Domestic,B737,VT-RGT,T3,B40,Departed,27/11/2024 12:21,27/11/2024 13:21,27/11/2024 17:21,27/11/2024 16:21,27/11/2024,12,179,148,82.76053361980135,6,124.61326031684854,20.768876719474758,10,10,100,90,3,94,60,TECH,Moderate,1,36.77,MEDIUM
BA-2412,British Airways,BA,DEL,AMS,Long-Haul Intl,A350,VT-DBF,T3,B9,Departed,08/12/2024 17:43,08/12/2024 18:43,08/12/2024 20:43,08/12/2024 23:43,08/12/2024,17,279,258,92.71393057040396,6,103.94338390594537,17.32389731765756,12,4,33.33,76,0,152,60,ATC,Moderate,1,33.07,LOW
AI-2019,Air India,AI,DEL,MAA,Domestic,A350,VT-OCT,T3,B38,Departed,18/12/2024 01:04,18/12/2024 01:04,18/12/2024 03:04,18/12/2024 04:04,18/12/2024,1,178,139,78.46833614429927,3,65.11653965841782,21.705513219472607,7,6,85.71,95,0,46,0,TURNAROUND,On-Time,0,22.96,LOW
SG-9541,SpiceJet,SG,DEL,KUL,Long-Haul Intl,B787,VT-KGQ,T3,B14,Departed,28/12/2024 01:41,28/12/2024 02:41,28/12/2024 08:41,28/12/2024 06:41,28/12/2024,1,328,315,96.03777287005524,6,79.63982177929223,13.273303629882038,7,7,100,76,0,159,60,TURNAROUND,Moderate,1,15.76,LOW
KL-9646,KLM,KL,DEL,FRA,Long-Haul Intl,B787,VT-AIQ,T3,B7,Departed,23/11/2024 01:13,23/11/2024 01:13,23/11/2024 10:13,23/11/2024 03:13,23/11/2024,1,236,198,83.99897406,1,25.410337093964547,25.410337093964547,9,8,88.89,90,0,164,0,TECH,On-Time,0,13.19,LOW
AF-1366,Air France,AF,DEL,CCU,Domestic,A320,VT-MUI,T3,B16,Departed,29/10/2024 21:07,29/10/2024 21:37,30/10/2024 01:07,30/10/2024 00:37,29/10/2024,21,248,211,85.31054789881553,4,69.41084732158666,17.352711830396665,7,7,100,70,1,153,30,ATC,Moderate,1,25.08,LOW
AF-6626,Air France,AF,DEL,MAA,Domestic,B737,VT-UAX,T3,B15,Departed,20/11/2024 09:23,20/11/2024 09:53,20/11/2024 16:23,20/11/2024 17:53,20/11/2024,9,227,220,97.00437590538944,5,122.09487470372441,24.41897494074488,7,7,100,41,0,116,30,TECH,Moderate,1,31.92,LOW
EK-3211,Emirates,EK,DEL,MAA,Domestic,A320,VT-LZC,T3,B43,Departed,01/10/2024 19:54,01/10/2024 19:54,02/10/2024 01:54,02/10/2024 04:54,01/10/2024,19,227,192,84.74622530112521,1,6.048624797446445,6.048624797446445,11,5,45.45,88,0,24,0,TURNAROUND,On-Time,0,37.47,MEDIUM
6E-6601,IndiGo,6E,DEL,DXB,Long-Haul Intl,B787,VT-AQT,T3,B28,Departed,09/11/2024 19:39,09/11/2024 19:39,09/11/2024 21:39,10/11/2024 02:39,09/11/2024,19,267,214,80.18812739514395,2,50.025546134874546,25.012773067437273,9,9,100,35,0,76,0,WX,On-Time,0,37.66,MEDIUM
UK-7267,Vistara,UK,DEL,SIN,Long-Haul Intl,A320,VT-IDE,T3,B23,Departed,12/10/2024 14:52,12/10/2024 15:22,12/10/2024 18:52,12/10/2024 23:22,12/10/2024,14,306,285,93.19422705016476,4,72.61377358620133,18.153443396550333,11,9,81.82,78,1,175,30,TECH,Moderate,1,24.82,LOW
SG-1658,SpiceJet,SG,DEL,DXB,Long-Haul Intl,A320,VT-TND,T3,B30,Departed,11/11/2024 22:21,12/11/2024 00:51,12/11/2024 03:21,12/11/2024 08:51,11/11/2024,22,245,216,88.35894385,0,0,0,12,8,66.67,79,2,97,150,WX,Moderate,1,42.02,MEDIUM
UK-766,Vistara,UK,DEL,JFK,Long-Haul Intl,A350,VT-XIE,T3,B26,Departed,02/10/2024 15:57,02/10/2024 15:57,03/10/2024 00:57,02/10/2024 21:57,02/10/2024,15,336,306,91.36827186268556,3,81.67208524791585,27.224028415971947,12,12,100,81,3,88,0,ATC,On-Time,0,40.47,MEDIUM
SQ-9477,Singapore Airlines,SQ,DEL,JFK,Long-Haul Intl,B787,VT-EQZ,T3,B12,Departed,14/11/2024 17:51,14/11/2024 18:21,15/11/2024 02:51,14/11/2024 20:21,14/11/2024,17,255,215,84.47477195410151,0,0,0,11,4,36.36,47,1,137,30,TECH,Moderate,1,50.49,MEDIUM
EK-1305,Emirates,EK,DEL,MAA,Domestic,A350,VT-KDL,T3,B46,Departed,20/10/2024 02:59,20/10/2024 02:59,20/10/2024 09:59,20/10/2024 09:59,20/10/2024,2,280,227,81.11385891538023,6,146.9580666157735,24.493011102628916,12,8,66.67,56,1,139,0,ATC,On-Time,0,39.58,MEDIUM
SG-9327,SpiceJet,SG,DEL,MAA,Domestic,B737,VT-YOC,T3,B47,Departed,26/10/2024 06:28,26/10/2024 06:28,26/10/2024 12:28,26/10/2024 13:28,26/10/2024,6,253,256,101.45241319313264,2,54.28395923830686,27.14197961915343,9,9,100,55,1,78,0,TECH,On-Time,0,37.14,MEDIUM
6E-1600,IndiGo,6E,DEL,LHR,Long-Haul Intl,A350,VT-UFL,T3,B15,Departed,19/11/2024 22:21,19/11/2024 22:21,20/11/2024 07:21,20/11/2024 05:21,19/11/2024,22,285,226,79.31421831571997,1,21.75098624926388,21.75098624926388,6,6,100,43,0,52,0,TURNAROUND,On-Time,0,37.04,MEDIUM
UK-1694,Vistara,UK,DEL,FRA,Long-Haul Intl,A350,VT-WAO,T3,B1,Departed,05/10/2024 20:16,05/10/2024 20:16,06/10/2024 03:16,06/10/2024 05:16,05/10/2024,20,212,191,90.22378905217124,2,27.328017979418327,13.664008989709163,11,9,81.82,60,3,81,0,CREW,On-Time,0,53,MEDIUM
AI-3819,Air India,AI,DEL,DXB,Long-Haul Intl,A320,VT-WQG,T3,B27,Departed,07/12/2024 15:19,07/12/2024 15:19,07/12/2024 19:19,08/12/2024 01:19,07/12/2024,15,271,263,97.37272741,2,28.145799554896062,14.072899777448031,10,9,90,43,1,69,0,TECH,On-Time,0,44.66,MEDIUM
QR-1348,Qatar Airways,QR,DEL,MAA,Domestic,A320,VT-YBY,T3,B21,Departed,29/12/2024 12:25,29/12/2024 12:25,29/12/2024 14:25,29/12/2024 17:25,29/12/2024,12,187,158,84.75222878358768,1,18.973828789934725,18.973828789934725,10,10,100,49,0,131,0,CREW,On-Time,0,27.76,LOW
KL-8509,KLM,KL,DEL,CDG,Long-Haul Intl,B787,VT-PUO,T3,B28,Departed,02/11/2024 08:28,02/11/2024 08:28,02/11/2024 18:28,02/11/2024 12:28,02/11/2024,8,176,184,105,2,25.717021047552976,12.858510523776488,7,7,100,44,0,38,0,CREW,On-Time,0,37.96,MEDIUM
SG-4660,SpiceJet,SG,DEL,JFK,Long-Haul Intl,A320,VT-XWL,T3,B3,Departed,25/12/2024 11:56,25/12/2024 11:56,25/12/2024 15:56,25/12/2024 15:56,25/12/2024,11,199,181,90.96191936416152,3,80.95918459313545,26.986394864378482,12,11,91.67,76,1,233,0,ATC,On-Time,0,17.79,LOW
6E-6657,IndiGo,6E,DEL,SIN,Long-Haul Intl,A320,VT-DBR,T3,B16,Departed,11/10/2024 11:02,11/10/2024 11:02,11/10/2024 13:02,11/10/2024 20:02,11/10/2024,11,204,165,81.26156544023898,0,0,0,10,10,100,58,3,216,0,ATC,On-Time,0,36.88,MEDIUM
IX-9058,Air India Express,IX,DEL,MAA,Domestic,B787,VT-OQN,T3,B38,Departed,10/11/2024 20:11,10/11/2024 20:11,11/11/2024 05:11,11/11/2024 04:11,10/11/2024,20,212,170,80.24112455914437,2,60.421609560573046,30.210804780286523,7,7,100,83,1,142,0,TURNAROUND,On-Time,0,21.53,LOW
SQ-5646,Singapore Airlines,SQ,DEL,LHR,Long-Haul Intl,B737,VT-JEC,T3,B21,Departed,23/11/2024 07:23,23/11/2024 08:23,23/11/2024 10:23,23/11/2024 13:23,23/11/2024,7,299,254,85.19893961207107,2,36.93942928827536,18.46971464413768,6,6,100,60,0,213,60,TECH,Moderate,1,16.45,LOW
AF-8417,Air France,AF,DEL,JFK,Long-Haul Intl,B737,VT-YFR,T3,B41,Departed,20/11/2024 07:13,20/11/2024 07:13,20/11/2024 15:13,20/11/2024 16:13,20/11/2024,7,176,158,90.32551109060132,4,70.47479091667054,17.618697729167636,9,6,66.67,71,1,66,0,WX,On-Time,0,40.97,MEDIUM
IX-6653,Air India Express,IX,DEL,DXB,Long-Haul Intl,B787,VT-ONY,T3,B4,Departed,11/12/2024 16:32,11/12/2024 16:32,11/12/2024 20:32,12/12/2024 01:32,11/12/2024,16,224,189,84.71322172727139,6,116.73941568100338,19.45656928016723,9,6,66.67,84,3,186,0,TURNAROUND,On-Time,0,38.84,MEDIUM
SG-1523,SpiceJet,SG,DEL,DXB,Long-Haul Intl,B737,VT-MAV,T3,B33,Departed,03/10/2024 09:35,03/10/2024 10:05,03/10/2024 19:35,03/10/2024 13:05,03/10/2024,9,270,240,88.89472136818685,4,77.73604431082221,19.434011077705552,9,9,100,58,0,215,30,CREW,Moderate,1,16.97,LOW
SQ-7323,Singapore Airlines,SQ,DEL,MAA,Domestic,B787,VT-PQO,T3,B48,Departed,28/11/2024 02:18,28/11/2024 02:18,28/11/2024 04:18,28/11/2024 10:18,28/11/2024,2,283,213,75.28445623947079,5,124.29477889012571,24.85895577802514,10,8,80,53,0,52,0,CREW,On-Time,0,38.54,MEDIUM
KL-2382,KLM,KL,DEL,BLR,Domestic,B787,VT-JPI,T3,B20,Departed,29/11/2024 04:38,29/11/2024 04:38,29/11/2024 13:38,29/11/2024 08:38,29/11/2024,4,280,191,68.44311297712238,2,29.297882250172577,14.648941125086289,6,6,100,94,1,160,0,CREW,On-Time,0,16.04,LOW
SQ-1308,Singapore Airlines,SQ,DEL,DXB,Long-Haul Intl,B737,VT-LHR,T3,B36,Departed,30/10/2024 22:46,30/10/2024 23:16,31/10/2024 07:46,31/10/2024 02:16,30/10/2024,22,188,193,102.86328013073746,4,47.49887364314054,11.874718410785135,10,10,100,73,0,103,30,WX,Moderate,1,21.9,LOW
SQ-3327,Singapore Airlines,SQ,DEL,AMS,Long-Haul Intl,B787,VT-YCG,T3,B20,Departed,19/11/2024 07:20,19/11/2024 07:20,19/11/2024 11:20,19/11/2024 17:20,19/11/2024,7,234,201,85.95811878,2,47.815466284811286,23.907733142405643,12,9,75,52,1,201,0,TECH,On-Time,0,33.26,LOW
AI-7056,Air India,AI,DEL,DOH,Long-Haul Intl,A320,VT-TZA,T3,B49,Departed,25/11/2024 09:43,25/11/2024 09:43,25/11/2024 14:43,25/11/2024 17:43,25/11/2024,9,292,303,104.03044240795576,2,31.99514591040831,15.997572955204156,10,5,50,53,0,154,0,ATC,On-Time,0,36.77,MEDIUM
AI-1622,Air India,AI,DEL,BOM,Domestic,A320,VT-BCD,T3,B35,Departed,19/11/2024 12:17,19/11/2024 12:47,19/11/2024 20:17,19/11/2024 14:47,19/11/2024,12,264,211,80.16809103365553,3,50.34833445,16.78277815,6,6,100,70,0,98,30,TECH,Moderate,1,23.41,LOW
QR-1207,Qatar Airways,QR,DEL,DXB,Long-Haul Intl,B737,VT-EZW,T3,B11,Departed,27/10/2024 00:01,27/10/2024 00:01,27/10/2024 03:01,27/10/2024 10:01,27/10/2024,0,261,225,86.41778815972401,12,198.41731353956934,16.534776128297445,6,6,100,89,1,234,0,TURNAROUND,On-Time,0,11.06,LOW
UK-6491,Vistara,UK,DEL,KUL,Long-Haul Intl,B787,VT-CST,T3,B41,Departed,10/12/2024 06:19,10/12/2024 06:19,10/12/2024 15:19,10/12/2024 13:19,10/12/2024,6,187,159,85.38437842109687,1,27.369426637854662,27.369426637854662,12,9,75,81,0,33,0,CREW,On-Time,0,31.72,LOW
IX-9430,Air India Express,IX,DEL,DOH,Long-Haul Intl,A320,VT-STQ,T3,B24,Departed,19/12/2024 17:21,19/12/2024 17:21,19/12/2024 20:21,19/12/2024 22:21,19/12/2024,17,316,308,97.69994196495053,4,61.00240523,15.25060131,6,6,100,83,2,234,0,TURNAROUND,On-Time,0,19.83,LOW
IX-8271,Air India Express,IX,DEL,BLR,Domestic,B787,VT-HMT,T3,B13,Departed,08/12/2024 00:20,08/12/2024 00:20,08/12/2024 05:20,08/12/2024 08:20,08/12/2024,0,331,298,90.19154133009482,2,43.312800171150286,21.656400085575143,6,4,66.67,67,0,166,0,TURNAROUND,On-Time,0,26.61,LOW
SG-8985,SpiceJet,SG,DEL,CDG,Long-Haul Intl,B787,VT-DZQ,T3,B48,Departed,16/11/2024 04:06,16/11/2024 04:06,16/11/2024 13:06,16/11/2024 10:06,16/11/2024,4,317,290,91.61740513009272,5,69.49489239,13.89897847803966,9,9,100,55,0,147,0,TECH,On-Time,0,24.2,LOW
KL-7523,KLM,KL,DEL,FRA,Long-Haul Intl,B787,VT-YFV,T3,B28,Departed,14/12/2024 05:07,14/12/2024 05:07,14/12/2024 07:07,14/12/2024 10:07,14/12/2024,5,269,242,90.09445266263738,4,77.56003084899191,19.39000771224798,12,9,75,56,0,73,0,ATC,On-Time,0,36.83,MEDIUM
SG-7379,SpiceJet,SG,DEL,KUL,Long-Haul Intl,A320,VT-JDM,T3,B19,Departed,03/11/2024 07:54,03/11/2024 07:54,03/11/2024 14:54,03/11/2024 16:54,03/11/2024,7,333,298,89.54068186574588,3,76.13409215830782,25.37803071943594,8,6,75,82,1,240,0,WX,On-Time,0,19.22,LOW
SQ-2851,Singapore Airlines,SQ,DEL,BOM,Domestic,A350,VT-KKU,T3,B25,Departed,16/10/2024 17:02,16/10/2024 17:02,16/10/2024 19:02,16/10/2024 22:02,16/10/2024,17,228,185,81.20691705054111,0,0,0,8,8,100,71,3,167,0,TECH,On-Time,0,36.79,MEDIUM
KL-4882,KLM,KL,DEL,HYD,Domestic,B787,VT-OBT,T3,B43,Departed,01/11/2024 09:53,01/11/2024 09:53,01/11/2024 11:53,01/11/2024 17:53,01/11/2024,9,266,253,95.34942549787668,0,0,0,6,5,83.33,49,1,48,0,TURNAROUND,On-Time,0,46.14,MEDIUM
SG-319,SpiceJet,SG,DEL,KUL,Long-Haul Intl,A350,VT-QCM,T3,B49,Departed,14/12/2024 04:08,14/12/2024 04:08,14/12/2024 10:08,14/12/2024 06:08,14/12/2024,4,234,230,98.60744113120283,4,56.64304440352013,14.160761100880032,8,8,100,69,1,43,0,TECH,On-Time,0,35.43,MEDIUM
SQ-1959,Singapore Airlines,SQ,DEL,KUL,Long-Haul Intl,A350,VT-GFF,T3,B31,Departed,04/10/2024 09:28,04/10/2024 09:28,04/10/2024 18:28,04/10/2024 19:28,04/10/2024,9,257,220,85.92767779150128,2,20.583903054918903,10.291951527459451,8,6,75,66,1,101,0,ATC,On-Time,0,37.45,MEDIUM
KL-3685,KLM,KL,DEL,DOH,Long-Haul Intl,A320,VT-YVO,T3,B18,Departed,24/12/2024 23:26,24/12/2024 23:26,25/12/2024 02:26,25/12/2024 02:26,24/12/2024,23,251,222,88.47041211953022,8,143.81551195416125,17.976938994270157,6,6,100,45,0,82,0,ATC,On-Time,0,33.61,LOW
6E-3046,IndiGo,6E,DEL,CCU,Domestic,B787,VT-FSL,T3,B7,Departed,01/12/2024 04:57,01/12/2024 05:27,01/12/2024 13:57,01/12/2024 11:27,01/12/2024,4,265,270,102.14945263146852,3,34.55975780772114,11.519919269240381,8,8,100,44,1,221,30,TECH,Moderate,1,27.99,LOW
LH-5149,Lufthansa,LH,DEL,CDG,Long-Haul Intl,B737,VT-PBO,T3,B38,Departed,12/12/2024 10:34,12/12/2024 10:34,12/12/2024 17:34,12/12/2024 15:34,12/12/2024,10,180,155,86.40665661,2,26.60289528,13.30144764,10,9,90,91,1,124,0,TURNAROUND,On-Time,0,22.86,LOW
IX-5970,Air India Express,IX,DEL,DOH,Long-Haul Intl,B737,VT-UMI,T3,B9,Departed,29/10/2024 11:44,29/10/2024 11:44,29/10/2024 19:44,29/10/2024 20:44,29/10/2024,11,166,161,97.57299206300767,2,50.65441977233229,25.327209886166145,7,7,100,59,2,76,0,TECH,On-Time,0,42.59,MEDIUM
SG-5686,SpiceJet,SG,DEL,FRA,Long-Haul Intl,A320,VT-CNW,T3,B37,Departed,17/10/2024 09:16,17/10/2024 09:16,17/10/2024 15:16,17/10/2024 16:16,17/10/2024,9,322,235,73.27597559192746,4,80.02192642310668,20.00548160577667,12,6,50,36,0,155,0,TECH,On-Time,0,42.63,MEDIUM
IX-8671,Air India Express,IX,DEL,AMS,Long-Haul Intl,B737,VT-XLK,T3,B39,Departed,25/12/2024 19:32,25/12/2024 19:32,25/12/2024 23:32,26/12/2024 05:32,25/12/2024,19,226,199,88.11992976444326,4,93.57646028105486,23.394115070263716,7,7,100,98,3,237,0,ATC,On-Time,0,20.97,LOW
KL-1664,KLM,KL,DEL,DOH,Long-Haul Intl,B787,VT-PNI,T3,B25,Departed,13/12/2024 11:41,13/12/2024 12:11,13/12/2024 15:41,13/12/2024 19:11,13/12/2024,11,322,338,105,2,40.14492598283216,20.07246299141608,6,4,66.67,69,0,81,30,WX,Moderate,1,33.64,LOW
IX-5622,Air India Express,IX,DEL,KUL,Long-Haul Intl,B787,VT-FWB,T3,B44,Departed,16/12/2024 01:03,16/12/2024 01:03,16/12/2024 04:03,16/12/2024 09:03,16/12/2024,1,309,275,89.29419450970367,2,42.805198406440574,21.402599203220287,9,7,77.78,41,1,176,0,ATC,On-Time,0,38.69,MEDIUM
UK-5473,Vistara,UK,DEL,DXB,Long-Haul Intl,A320,VT-ZDY,T3,B24,Departed,24/12/2024 22:24,24/12/2024 22:54,25/12/2024 07:24,25/12/2024 01:54,24/12/2024,22,252,202,80.42236841724944,1,26.218919398746475,26.218919398746475,12,4,33.33,52,0,221,30,TURNAROUND,Moderate,1,35.19,MEDIUM
UK-8354,Vistara,UK,DEL,JFK,Long-Haul Intl,B787,VT-NSX,T3,B27,Departed,19/11/2024 06:14,19/11/2024 06:14,19/11/2024 10:14,19/11/2024 10:14,19/11/2024,6,165,132,80.25010400047002,4,109.54517732855777,27.386294332139443,6,4,66.67,76,0,36,0,TECH,On-Time,0,35.28,MEDIUM
SQ-1713,Singapore Airlines,SQ,DEL,FRA,Long-Haul Intl,B787,VT-YWR,T3,B1,Departed,04/11/2024 17:28,04/11/2024 18:28,05/11/2024 01:28,05/11/2024 00:28,04/11/2024,17,253,210,83.32860425048987,7,96.09551416600272,13.727930595143246,9,9,100,73,2,85,60,ATC,Moderate,1,36.87,MEDIUM
BA-1812,British Airways,BA,DEL,CDG,Long-Haul Intl,A350,VT-IWN,T3,B23,Departed,01/11/2024 09:59,01/11/2024 09:59,01/11/2024 17:59,01/11/2024 11:59,01/11/2024,9,274,209,76.62049265689352,1,15.546901586449398,15.546901586449398,7,7,100,75,1,25,0,TURNAROUND,On-Time,0,34.96,LOW
QR-4214,Qatar Airways,QR,DEL,DXB,Long-Haul Intl,B737,VT-BEE,T3,B36,Departed,21/10/2024 15:22,21/10/2024 15:52,21/10/2024 17:22,21/10/2024 18:52,21/10/2024,15,302,274,91.04741453642518,2,53.83769548726141,26.918847743630707,6,6,100,58,3,77,30,CREW,Moderate,1,49.52,MEDIUM
KL-7767,KLM,KL,DEL,JFK,Long-Haul Intl,B737,VT-HAS,T3,B26,Departed,17/10/2024 18:11,17/10/2024 18:41,17/10/2024 22:11,17/10/2024 20:41,17/10/2024,18,168,141,84.27458054086316,3,60.46576810960088,20.155256036533626,12,6,50,94,1,88,30,TURNAROUND,Moderate,1,35.08,MEDIUM
AI-1245,Air India,AI,DEL,HYD,Domestic,B787,VT-FVH,T3,B50,Departed,16/12/2024 17:12,16/12/2024 17:12,16/12/2024 22:12,16/12/2024 20:12,16/12/2024,17,314,232,74.04764223321219,2,29.532291868529477,14.766145934264738,12,4,33.33,80,2,175,0,CREW,On-Time,0,42.91,MEDIUM
AI-5203,Air India,AI,DEL,LHR,Long-Haul Intl,A320,VT-QKM,T3,B15,Departed,13/12/2024 23:00,13/12/2024 23:00,14/12/2024 09:00,14/12/2024 01:00,13/12/2024,23,294,242,82.48053419,3,73.96831294893684,24.65610431631228,11,9,81.82,53,1,81,0,CREW,On-Time,0,42.12,MEDIUM
6E-2370,IndiGo,6E,DEL,BOM,Domestic,B787,VT-ORP,T3,B13,Departed,26/10/2024 06:28,26/10/2024 07:28,26/10/2024 08:28,26/10/2024 09:28,26/10/2024,6,169,150,88.77008290580778,3,69.95884938316829,23.319616461056096,10,5,50,76,2,188,60,TURNAROUND,Moderate,1,38.96,MEDIUM
EK-2621,Emirates,EK,DEL,DXB,Long-Haul Intl,A320,VT-UWO,T3,B2,Departed,30/10/2024 15:36,30/10/2024 15:36,30/10/2024 18:36,31/10/2024 00:36,30/10/2024,15,311,318,102.5032476501862,2,46.699059120415356,23.349529560207678,8,8,100,66,0,216,0,CREW,On-Time,0,14.08,LOW
IX-3108,Air India Express,IX,DEL,BLR,Domestic,B787,VT-GIL,T3,B47,Departed,18/11/2024 12:42,18/11/2024 12:42,18/11/2024 18:42,18/11/2024 21:42,18/11/2024,12,329,308,93.79427768766614,3,39.72939705858556,13.243132352861855,9,8,88.89,73,3,101,0,TURNAROUND,On-Time,0,44.86,MEDIUM
IX-2230,Air India Express,IX,DEL,SIN,Long-Haul Intl,B737,VT-ZSN,T3,B6,Departed,22/10/2024 17:46,22/10/2024 17:46,22/10/2024 19:46,23/10/2024 01:46,22/10/2024,17,319,274,86.04399414221741,3,49.270373984468876,16.423457994822957,11,10,90.91,70,1,237,0,ATC,On-Time,0,19.71,LOW
BA-3336,British Airways,BA,DEL,SIN,Long-Haul Intl,A350,VT-FFD,T3,B13,Departed,07/11/2024 04:41,07/11/2024 04:41,07/11/2024 06:41,07/11/2024 14:41,07/11/2024,4,219,195,89.14137440550674,0,0,0,8,5,62.5,70,1,231,0,CREW,On-Time,0,27.36,LOW
IX-1939,Air India Express,IX,DEL,CCU,Domestic,A320,VT-YFX,T3,B39,Departed,29/12/2024 21:32,29/12/2024 21:32,30/12/2024 03:32,30/12/2024 04:32,29/12/2024,21,294,231,78.90115661709208,0,0,0,8,8,100,37,0,188,0,WX,On-Time,0,26.78,LOW
QR-4449,Qatar Airways,QR,DEL,DXB,Long-Haul Intl,B737,VT-PLV,T3,B4,Departed,22/10/2024 21:41,22/10/2024 21:41,23/10/2024 06:41,23/10/2024 04:41,22/10/2024,21,266,200,75.39537605199502,3,40.693076297769224,13.564358765923075,6,5,83.33,42,1,196,0,TECH,On-Time,0,35.13,MEDIUM
AI-9248,Air India,AI,DEL,FRA,Long-Haul Intl,B787,VT-QNA,T3,B21,Departed,30/11/2024 11:09,30/11/2024 11:09,30/11/2024 19:09,30/11/2024 20:09,30/11/2024,11,217,178,82.13722392731036,2,32.425930195157676,16.212965097578838,8,7,87.5,75,0,238,0,WX,On-Time,0,12.06,LOW
AI-4516,Air India,AI,DEL,FRA,Long-Haul Intl,A350,VT-ZGG,T3,B1,Departed,30/12/2024 11:59,30/12/2024 11:59,30/12/2024 13:59,30/12/2024 20:59,30/12/2024,11,162,145,89.98422892302345,5,98.81689589,19.76337917790828,10,4,40,47,2,196,0,ATC,On-Time,0,50.88,MEDIUM
IX-8965,Air India Express,IX,DEL,HYD,Domestic,B737,VT-ADX,T3,B32,Departed,30/10/2024 11:13,30/10/2024 11:43,30/10/2024 16:13,30/10/2024 13:43,30/10/2024,11,177,152,85.96774641453253,8,117.40430955030598,14.675538693788248,12,8,66.67,83,0,223,30,CREW,Moderate,1,15.83,LOW
QR-1193,Qatar Airways,QR,DEL,BLR,Domestic,B787,VT-SBL,T3,B45,Departed,08/10/2024 23:07,08/10/2024 23:07,09/10/2024 07:07,09/10/2024 09:07,08/10/2024,23,188,191,101.71167027158812,3,57.56321954085762,19.18773984695254,11,11,100,94,1,90,0,TURNAROUND,On-Time,0,22.4,LOW
EK-3615,Emirates,EK,DEL,FRA,Long-Haul Intl,B787,VT-QTL,T3,B1,Departed,28/11/2024 20:06,28/11/2024 20:06,28/11/2024 23:06,29/11/2024 05:06,28/11/2024,20,192,174,91.02784557457558,3,70.97901583616232,23.65967194538744,8,4,50,36,2,150,0,WX,On-Time,0,56.42,MEDIUM
SG-4289,SpiceJet,SG,DEL,FRA,Long-Haul Intl,A320,VT-JSK,T3,B30,Departed,21/11/2024 21:19,21/11/2024 21:19,22/11/2024 07:19,21/11/2024 23:19,21/11/2024,21,214,169,79.21791884,4,105.61002280388266,26.402505700970664,6,6,100,94,0,29,0,TURNAROUND,On-Time,0,21.28,LOW
AI-9965,Air India,AI,DEL,DOH,Long-Haul Intl,A320,VT-ESG,T3,B11,Departed,02/10/2024 04:30,02/10/2024 04:30,02/10/2024 12:30,02/10/2024 08:30,02/10/2024,4,254,243,95.93126345689537,2,38.32338132508305,19.161690662541524,10,10,100,39,0,117,0,TECH,On-Time,0,32.53,LOW
SQ-1316,Singapore Airlines,SQ,DEL,SIN,Long-Haul Intl,A320,VT-OOO,T3,B12,Departed,21/11/2024 16:45,21/11/2024 16:45,21/11/2024 23:45,21/11/2024 21:45,21/11/2024,16,240,196,81.95402253,3,59.71323075824854,19.904410252749514,7,7,100,78,0,108,0,TURNAROUND,On-Time,0,19.7,LOW
QR-6730,Qatar Airways,QR,DEL,HYD,Domestic,B787,VT-UDD,T3,B33,Departed,07/12/2024 20:02,07/12/2024 20:02,08/12/2024 00:02,08/12/2024 02:02,07/12/2024,20,259,211,81.67002509450525,5,100.66993281983666,20.133986563967333,12,10,83.33,61,0,54,0,ATC,On-Time,0,34.73,LOW
BA-2824,British Airways,BA,DEL,MAA,Domestic,B787,VT-PSP,T3,B39,Departed,16/10/2024 04:07,16/10/2024 04:37,16/10/2024 11:07,16/10/2024 12:37,16/10/2024,4,273,229,84.11190931152181,5,104.30785663645628,20.861571327291255,12,6,50,66,1,227,30,CREW,Moderate,1,32.25,LOW
AI-7356,Air India,AI,DEL,SIN,Long-Haul Intl,B787,VT-TXT,T3,B18,Departed,19/11/2024 21:18,19/11/2024 22:18,20/11/2024 03:18,20/11/2024 06:18,19/11/2024,21,324,293,90.69355269797522,2,23.26923982934305,11.634619914671525,11,4,36.36,55,1,21,60,ATC,Moderate,1,58.24,MEDIUM
IX-9901,Air India Express,IX,DEL,CCU,Domestic,B737,VT-CDJ,T3,B13,Departed,01/10/2024 16:22,01/10/2024 16:52,01/10/2024 18:22,02/10/2024 00:52,01/10/2024,16,231,221,95.85861970458105,3,51.01971929,17.006573095527166,12,8,66.67,42,1,143,30,ATC,Moderate,1,44.12,MEDIUM
AF-3478,Air France,AF,DEL,DOH,Long-Haul Intl,A320,VT-XNO,T3,B47,Departed,13/12/2024 22:25,13/12/2024 22:25,14/12/2024 05:25,14/12/2024 03:25,13/12/2024,22,274,242,88.46147459871693,0,0,0,8,5,62.5,84,2,43,0,ATC,On-Time,0,46.22,MEDIUM
SG-3100,SpiceJet,SG,DEL,SIN,Long-Haul Intl,B737,VT-IJE,T3,B40,Departed,29/11/2024 16:24,29/11/2024 16:24,29/11/2024 19:24,29/11/2024 23:24,29/11/2024,16,249,216,86.82829800393898,2,43.07975382356354,21.53987691178177,6,6,100,78,3,93,0,WX,On-Time,0,41.06,MEDIUM
LH-8057,Lufthansa,LH,DEL,DXB,Long-Haul Intl,A350,VT-CWY,T3,B16,Departed,05/12/2024 03:04,05/12/2024 03:04,05/12/2024 13:04,05/12/2024 08:04,05/12/2024,3,253,229,90.62884821714042,5,89.05281313743721,17.810562627487442,12,11,91.67,92,3,185,0,WX,On-Time,0,29.88,LOW
UK-4323,Vistara,UK,DEL,CDG,Long-Haul Intl,B737,VT-FUX,T3,B5,Departed,23/12/2024 11:01,23/12/2024 11:01,23/12/2024 16:01,23/12/2024 14:01,23/12/2024,11,186,176,94.69053354385063,3,71.66025141832957,23.886750472776523,12,12,100,37,0,41,0,CREW,On-Time,0,40.14,MEDIUM
UK-9282,Vistara,UK,DEL,BLR,Domestic,B787,VT-HYQ,T3,B18,Departed,19/12/2024 16:55,19/12/2024 16:55,19/12/2024 23:55,20/12/2024 00:55,19/12/2024,16,221,208,94.42911310120265,1,14.306672357793122,14.306672357793122,7,5,71.43,36,1,173,0,ATC,On-Time,0,42.3,MEDIUM
SQ-233,Singapore Airlines,SQ,DEL,DOH,Long-Haul Intl,B787,VT-NHJ,T3,B36,Departed,18/11/2024 17:04,18/11/2024 18:04,18/11/2024 20:04,18/11/2024 21:04,18/11/2024,17,275,270,98.52578802302152,4,56.56171847794732,14.14042961948683,7,6,85.71,78,2,190,60,TECH,Moderate,1,29.15,LOW
IX-4409,Air India Express,IX,DEL,SIN,Long-Haul Intl,A350,VT-PLV,T3,B47,Departed,19/12/2024 22:47,19/12/2024 22:47,20/12/2024 02:47,20/12/2024 07:47,19/12/2024,22,177,165,93.54486590399355,3,48.87136788273751,16.290455960912503,9,6,66.67,36,0,202,0,TURNAROUND,On-Time,0,34.19,LOW
IX-6307,Air India Express,IX,DEL,CCU,Domestic,B787,VT-AWW,T3,B50,Departed,01/10/2024 15:01,01/10/2024 15:01,01/10/2024 20:01,01/10/2024 21:01,01/10/2024,15,200,154,77.49948105739965,2,14.770709692445736,7.385354846222868,10,4,40,69,0,58,0,TURNAROUND,On-Time,0,42.4,MEDIUM
AI-1307,Air India,AI,DEL,LHR,Long-Haul Intl,A320,VT-BEY,T3,B27,Departed,22/10/2024 11:06,22/10/2024 11:06,22/10/2024 15:06,22/10/2024 16:06,22/10/2024,11,268,238,88.81498174437287,6,136.01449997674223,22.669083329457038,8,8,100,64,2,238,0,WX,On-Time,0,26.12,LOW
KL-5652,KLM,KL,DEL,MAA,Domestic,A350,VT-XTP,T3,B48,Departed,05/11/2024 13:38,05/11/2024 13:38,05/11/2024 19:38,05/11/2024 21:38,05/11/2024,13,194,150,77.77303674,5,72.26228196158648,14.452456392317297,12,9,75,42,3,176,0,ATC,On-Time,0,52.37,MEDIUM
KL-3878,KLM,KL,DEL,DOH,Long-Haul Intl,A320,VT-DQF,T3,B6,Departed,13/10/2024 07:25,13/10/2024 07:25,13/10/2024 15:25,13/10/2024 12:25,13/10/2024,7,267,250,93.86051849,4,60.14696137309711,15.036740343274278,12,11,91.67,56,3,39,0,TECH,On-Time,0,55.76,MEDIUM
EK-7943,Emirates,EK,DEL,BOM,Domestic,A350,VT-NGA,T3,B13,Departed,22/11/2024 16:37,22/11/2024 16:37,23/11/2024 01:37,22/11/2024 18:37,22/11/2024,16,247,179,72.50633876500244,3,67.85031045027638,22.616770150092126,6,6,100,78,0,238,0,TECH,On-Time,0,7.88,LOW
SQ-8273,Singapore Airlines,SQ,DEL,DXB,Long-Haul Intl,B737,VT-SSS,T3,B11,Departed,22/10/2024 20:15,22/10/2024 20:15,22/10/2024 23:15,23/10/2024 01:15,22/10/2024,20,216,194,89.93730487765443,2,63.192554056096256,31.596277028048128,9,8,88.89,92,0,60,0,CREW,On-Time,0,21.94,LOW
SG-6568,SpiceJet,SG,DEL,AMS,Long-Haul Intl,B737,VT-XQR,T3,B13,Departed,21/12/2024 11:22,21/12/2024 11:22,21/12/2024 14:22,21/12/2024 17:22,21/12/2024,11,230,206,89.57947924,0,0,0,10,6,60,70,0,201,0,TECH,On-Time,0,24.05,LOW
UK-8944,Vistara,UK,DEL,DOH,Long-Haul Intl,A350,VT-KUA,T3,B17,Departed,08/11/2024 09:13,08/11/2024 09:43,08/11/2024 18:13,08/11/2024 14:43,08/11/2024,9,286,260,91.08630489396336,1,21.434423730327826,21.434423730327826,9,8,88.89,65,0,167,30,ATC,Moderate,1,21.66,LOW
EK-2827,Emirates,EK,DEL,JFK,Long-Haul Intl,B787,VT-ANV,T3,B46,Departed,08/10/2024 14:25,08/10/2024 14:55,08/10/2024 22:25,08/10/2024 22:55,08/10/2024,14,187,142,76.03662291064379,4,84.81238809,21.203097021845476,11,8,72.73,81,0,127,30,WX,Moderate,1,23.74,LOW
AF-6744,Air France,AF,DEL,DOH,Long-Haul Intl,A320,VT-JHB,T3,B27,Departed,25/11/2024 22:18,25/11/2024 22:18,26/11/2024 06:18,26/11/2024 08:18,25/11/2024,22,202,181,90.05468446281178,1,30.16493110646742,30.16493110646742,10,8,80,89,0,166,0,ATC,On-Time,0,15.58,LOW
6E-7869,IndiGo,6E,DEL,JFK,Long-Haul Intl,B787,VT-HKQ,T3,B50,Departed,21/10/2024 04:19,21/10/2024 04:19,21/10/2024 11:19,21/10/2024 11:19,21/10/2024,4,212,181,85.41152207147596,4,90.17095865744272,22.54273966436068,12,6,50,96,0,103,0,WX,On-Time,0,26.35,LOW
LH-4440,Lufthansa,LH,DEL,LHR,Long-Haul Intl,B787,VT-BCE,T3,B24,Departed,16/12/2024 04:03,16/12/2024 04:03,16/12/2024 09:03,16/12/2024 12:03,16/12/2024,4,300,294,98.11709572,4,79.00121441809152,19.75030360452288,12,7,58.33,64,1,130,0,ATC,On-Time,0,39.68,MEDIUM
EK-6820,Emirates,EK,DEL,BLR,Domestic,A320,VT-DPD,T3,B3,Departed,28/12/2024 10:43,28/12/2024 11:43,28/12/2024 15:43,28/12/2024 17:43,28/12/2024,10,174,118,68.24551652857849,2,18.938413897565106,9.469206948782553,10,10,100,89,2,85,60,CREW,Moderate,1,31.27,LOW
EK-793,Emirates,EK,DEL,CCU,Domestic,B787,VT-DYV,T3,B41,Departed,20/10/2024 22:03,21/10/2024 00:33,21/10/2024 03:03,21/10/2024 10:33,20/10/2024,22,192,151,79.07355896287316,2,45.02418478372337,22.512092391861685,12,12,100,50,0,177,150,CREW,Moderate,1,23.23,LOW
EK-7730,Emirates,EK,DEL,LHR,Long-Haul Intl,B787,VT-HNT,T3,B35,Departed,25/12/2024 23:12,25/12/2024 23:12,26/12/2024 02:12,26/12/2024 07:12,25/12/2024,23,322,264,82.01663058107901,4,78.50758731690482,19.626896829226204,8,5,62.5,46,0,72,0,TURNAROUND,On-Time,0,43.55,MEDIUM
IX-5781,Air India Express,IX,DEL,CCU,Domestic,A350,VT-ECA,T3,B42,Departed,31/10/2024 01:34,31/10/2024 01:34,31/10/2024 05:34,31/10/2024 05:34,31/10/2024,1,269,232,86.46675960916447,1,16.264118667583734,16.264118667583734,10,10,100,51,1,53,0,WX,On-Time,0,40.82,MEDIUM
SQ-6053,Singapore Airlines,SQ,DEL,LHR,Long-Haul Intl,A320,VT-IKN,T3,B13,Departed,21/12/2024 18:56,21/12/2024 19:56,22/12/2024 01:56,22/12/2024 02:56,21/12/2024,18,339,288,85.12568908034459,1,8.262464890784532,8.262464890784532,9,9,100,50,0,169,60,CREW,Moderate,1,23.95,LOW
SG-695,SpiceJet,SG,DEL,HYD,Domestic,A320,VT-RUN,T3,B37,Departed,19/10/2024 07:28,19/10/2024 07:28,19/10/2024 16:28,19/10/2024 10:28,19/10/2024,7,216,212,98.14930001007616,1,22.253477344844494,22.253477344844494,10,10,100,46,3,86,0,TECH,On-Time,0,52.9,MEDIUM
SG-6339,SpiceJet,SG,DEL,CCU,Domestic,B737,VT-DLC,T3,B43,Departed,01/10/2024 10:46,01/10/2024 11:16,01/10/2024 12:46,01/10/2024 19:16,01/10/2024,10,323,296,91.73529698873124,2,36.01223178099314,18.00611589049657,12,11,91.67,42,3,153,30,ATC,Moderate,1,50.29,MEDIUM
AI-7900,Air India,AI,DEL,BOM,Domestic,A350,VT-WPO,T3,B31,Departed,28/11/2024 21:12,28/11/2024 21:12,29/11/2024 06:12,29/11/2024 07:12,28/11/2024,21,316,252,79.93627674378368,1,28.413028601513123,28.413028601513123,8,6,75,37,3,226,0,TURNAROUND,On-Time,0,49.57,MEDIUM
QR-8928,Qatar Airways,QR,DEL,CDG,Long-Haul Intl,A320,VT-AZV,T3,B7,Departed,09/10/2024 04:29,09/10/2024 04:29,09/10/2024 09:29,09/10/2024 10:29,09/10/2024,4,333,275,82.75911214588301,1,7.135980780706977,7.135980780706977,8,8,100,50,1,46,0,CREW,On-Time,0,41.8,MEDIUM
IX-9151,Air India Express,IX,DEL,KUL,Long-Haul Intl,A350,VT-XEB,T3,B42,Departed,07/12/2024 13:41,07/12/2024 13:41,07/12/2024 18:41,07/12/2024 16:41,07/12/2024,13,167,140,84.15396708606973,2,24.52013044020905,12.260065220104526,11,4,36.36,64,3,29,0,CREW,On-Time,0,67.69,HIGH
KL-4683,KLM,KL,DEL,KUL,Long-Haul Intl,B737,VT-CYT,T3,B17,Departed,29/10/2024 22:11,29/10/2024 22:11,30/10/2024 04:11,30/10/2024 03:11,29/10/2024,22,267,206,77.38420510849716,3,54.667023287678575,18.222341095892858,9,9,100,57,1,92,0,CREW,On-Time,0,35.17,MEDIUM
KL-9182,KLM,KL,DEL,FRA,Long-Haul Intl,A350,VT-BGK,T3,B49,Departed,02/10/2024 14:53,02/10/2024 14:53,02/10/2024 19:53,03/10/2024 00:53,02/10/2024,14,166,130,78.41802444,1,5.286337785245614,5.286337785245614,7,4,57.14,39,0,115,0,WX,On-Time,0,43.43,MEDIUM
SG-842,SpiceJet,SG,DEL,CDG,Long-Haul Intl,B737,VT-YTJ,T3,B10,Departed,26/10/2024 23:35,27/10/2024 00:35,27/10/2024 09:35,27/10/2024 07:35,26/10/2024,23,201,200,99.80099291,1,18.09396007696325,18.09396007696325,7,7,100,99,3,67,60,TECH,Moderate,1,36.08,MEDIUM
EK-5423,Emirates,EK,DEL,CCU,Domestic,A350,VT-YPF,T3,B35,Departed,05/11/2024 06:08,05/11/2024 06:38,05/11/2024 08:08,05/11/2024 12:38,05/11/2024,6,290,214,73.91445745456014,2,54.950608149905776,27.475304074952888,10,4,40,64,0,89,30,CREW,Moderate,1,41.33,MEDIUM
6E-5020,IndiGo,6E,DEL,AMS,Long-Haul Intl,A320,VT-NCC,T3,B20,Departed,15/11/2024 07:53,15/11/2024 08:23,15/11/2024 13:53,15/11/2024 16:23,15/11/2024,7,214,189,88.62212131,0,0,0,11,4,36.36,55,1,206,30,TECH,Moderate,1,41.42,MEDIUM
QR-7939,Qatar Airways,QR,DEL,KUL,Long-Haul Intl,A350,VT-FPU,T3,B44,Departed,20/11/2024 03:34,20/11/2024 04:34,20/11/2024 12:34,20/11/2024 10:34,20/11/2024,3,266,232,87.22421085409796,4,76.32676126348557,19.08169031587139,6,6,100,56,1,119,60,ATC,Moderate,1,33.07,LOW
KL-5084,KLM,KL,DEL,JFK,Long-Haul Intl,B787,VT-QOT,T3,B2,Departed,10/11/2024 03:16,10/11/2024 03:16,10/11/2024 08:16,10/11/2024 11:16,10/11/2024,3,333,305,91.80355015,5,69.78293436121203,13.956586872242406,10,5,50,66,0,78,0,CREW,On-Time,0,39.13,MEDIUM
IX-5690,Air India Express,IX,DEL,BLR,Domestic,B787,VT-FWP,T3,B28,Departed,22/10/2024 16:00,22/10/2024 16:00,22/10/2024 22:00,22/10/2024 22:00,22/10/2024,16,270,206,76.54308311735865,3,48.985618126198105,16.32853937539937,11,8,72.73,67,0,21,0,ATC,On-Time,0,38.28,MEDIUM
6E-1798,IndiGo,6E,DEL,BLR,Domestic,A320,VT-PVH,T3,B34,Departed,21/12/2024 10:33,21/12/2024 11:33,21/12/2024 14:33,21/12/2024 19:33,21/12/2024,10,286,283,99.23757521695224,4,71.850809,17.96270225072345,9,9,100,50,0,176,60,ATC,Moderate,1,23.32,LOW
EK-457,Emirates,EK,DEL,CCU,Domestic,A320,VT-LWR,T3,B19,Departed,02/12/2024 07:06,02/12/2024 08:06,02/12/2024 16:06,02/12/2024 18:06,02/12/2024,7,306,260,85.21270153581928,2,18.62729402556706,9.313647013,9,9,100,72,0,215,60,ATC,Moderate,1,12.07,LOW
SG-8364,SpiceJet,SG,DEL,JFK,Long-Haul Intl,A320,VT-HIO,T3,B4,Departed,28/12/2024 23:19,28/12/2024 23:19,29/12/2024 05:19,29/12/2024 05:19,28/12/2024,23,225,196,87.44831369746608,1,22.18653283307789,22.18653283307789,9,6,66.67,48,0,84,0,CREW,On-Time,0,40.71,MEDIUM
EK-6631,Emirates,EK,DEL,BOM,Domestic,A320,VT-KKB,T3,B36,Departed,03/11/2024 15:08,03/11/2024 15:08,03/11/2024 22:08,03/11/2024 19:08,03/11/2024,15,327,282,86.30181783891422,2,38.69048709191608,19.34524354595804,9,9,100,70,3,102,0,ATC,On-Time,0,43.05,MEDIUM
EK-9831,Emirates,EK,DEL,CDG,Long-Haul Intl,B737,VT-TPB,T3,B22,Departed,23/10/2024 11:17,23/10/2024 11:17,23/10/2024 14:17,23/10/2024 14:17,23/10/2024,11,242,211,87.46476733758662,1,11.765776827801051,11.765776827801051,9,6,66.67,57,2,173,0,CREW,On-Time,0,42.81,MEDIUM
AF-7270,Air France,AF,DEL,CDG,Long-Haul Intl,B737,VT-HEH,T3,B13,Departed,09/11/2024 13:03,09/11/2024 13:03,09/11/2024 21:03,09/11/2024 18:03,09/11/2024,13,331,284,86.07236541166479,2,57.74466303690739,28.872331518453695,11,9,81.82,100,0,236,0,CREW,On-Time,0,4.91,LOW
IX-3528,Air India Express,IX,DEL,CDG,Long-Haul Intl,B787,VT-KCA,T3,B43,Departed,15/11/2024 21:05,15/11/2024 21:05,16/11/2024 04:05,16/11/2024 00:05,15/11/2024,21,206,153,74.71559365223727,1,11.59851848839632,11.59851848839632,11,9,81.82,36,0,29,0,ATC,On-Time,0,46.13,MEDIUM
6E-947,IndiGo,6E,DEL,CCU,Domestic,B787,VT-MMB,T3,B35,Departed,23/11/2024 15:55,23/11/2024 15:55,24/11/2024 00:55,23/11/2024 22:55,23/11/2024,15,183,147,80.35516745757535,5,68.22918667003492,13.645837334006984,8,6,75,99,1,72,0,CREW,On-Time,0,28.54,LOW
AI-1917,Air India,AI,DEL,JFK,Long-Haul Intl,A350,VT-NFP,T3,B1,Departed,24/11/2024 10:17,24/11/2024 10:17,24/11/2024 15:17,24/11/2024 17:17,24/11/2024,10,337,309,91.73519560204208,2,41.553199485838874,20.776599742919437,7,7,100,86,1,98,0,CREW,On-Time,0,24.48,LOW
EK-8643,Emirates,EK,DEL,DXB,Long-Haul Intl,B737,VT-PJY,T3,B25,Departed,14/10/2024 09:22,14/10/2024 09:22,14/10/2024 19:22,14/10/2024 19:22,14/10/2024,9,337,304,90.47588912793672,1,13.094380253276164,13.094380253276164,12,6,50,96,3,78,0,WX,On-Time,0,48.63,MEDIUM
SQ-1452,Singapore Airlines,SQ,DEL,SIN,Long-Haul Intl,A350,VT-SUZ,T3,B48,Departed,13/10/2024 17:29,13/10/2024 17:29,14/10/2024 01:29,13/10/2024 23:29,13/10/2024,17,241,228,94.98185857109202,3,54.761325384259216,18.253775128086406,9,9,100,57,2,169,0,TECH,On-Time,0,34.84,LOW
AF-6643,Air France,AF,DEL,BOM,Domestic,B737,VT-DXE,T3,B50,Departed,01/12/2024 22:13,01/12/2024 22:13,02/12/2024 07:13,02/12/2024 06:13,01/12/2024,22,239,224,93.83368491014122,1,24.115666934473012,24.115666934473012,6,6,100,60,1,198,0,WX,On-Time,0,24.48,LOW
UK-8795,Vistara,UK,DEL,MAA,Domestic,A350,VT-IIF,T3,B10,Departed,14/11/2024 21:00,14/11/2024 21:00,15/11/2024 01:00,15/11/2024 07:00,14/11/2024,21,161,154,95.71003017303278,4,73.37636226613844,18.34409056653461,12,4,33.33,89,3,67,0,TURNAROUND,On-Time,0,56.24,MEDIUM
KL-2467,KLM,KL,DEL,CDG,Long-Haul Intl,A350,VT-YRC,T3,B49,Departed,12/12/2024 00:58,12/12/2024 00:58,12/12/2024 08:58,12/12/2024 03:58,12/12/2024,0,176,162,92.06116159285942,4,47.75038811807754,11.937597029519385,11,7,63.64,40,3,168,0,WX,On-Time,0,56.64,MEDIUM
SQ-7120,Singapore Airlines,SQ,DEL,KUL,Long-Haul Intl,B787,VT-FEB,T3,B28,Departed,13/10/2024 22:34,13/10/2024 22:34,14/10/2024 08:34,14/10/2024 03:34,13/10/2024,22,330,280,85.14426135952193,4,70.45120661463417,17.612801653658543,6,6,100,69,0,142,0,WX,On-Time,0,19.76,LOW
AI-3812,Air India,AI,DEL,JFK,Long-Haul Intl,B737,VT-DEB,T3,B37,Departed,18/10/2024 06:25,18/10/2024 06:25,18/10/2024 11:25,18/10/2024 09:25,18/10/2024,6,255,260,102.29220566657666,2,52.20978389558374,26.10489194779187,6,6,100,56,2,41,0,TURNAROUND,On-Time,0,46.82,MEDIUM
BA-9843,British Airways,BA,DEL,LHR,Long-Haul Intl,B787,VT-QDT,T3,B50,Departed,06/11/2024 15:40,06/11/2024 16:10,07/11/2024 01:40,06/11/2024 21:10,06/11/2024,15,190,186,98.28386974085784,1,19.147207834845577,19.147207834845577,6,6,100,77,1,119,30,WX,Moderate,1,25.72,LOW
LH-2863,Lufthansa,LH,DEL,KUL,Long-Haul Intl,B737,VT-VHA,T3,B22,Departed,14/12/2024 02:43,14/12/2024 02:43,14/12/2024 12:43,14/12/2024 07:43,14/12/2024,2,200,181,90.50432090776562,3,56.60036928297676,18.86678976099225,8,8,100,49,2,117,0,TECH,On-Time,0,42.37,MEDIUM
QR-4569,Qatar Airways,QR,DEL,AMS,Long-Haul Intl,B737,VT-GYP,T3,B50,Departed,19/10/2024 04:55,19/10/2024 05:55,19/10/2024 06:55,19/10/2024 08:55,19/10/2024,4,243,226,93.15703072,4,81.98467881679227,20.496169704198067,11,4,36.36,94,0,177,60,TECH,Moderate,1,23.74,LOW
IX-3247,Air India Express,IX,DEL,CCU,Domestic,B787,VT-CWX,T3,B34,Departed,12/11/2024 06:17,12/11/2024 06:17,12/11/2024 14:17,12/11/2024 13:17,12/11/2024,6,305,231,75.93610752315483,4,89.08754545107413,22.271886362768534,6,6,100,46,0,44,0,CREW,On-Time,0,36.72,MEDIUM
LH-3746,Lufthansa,LH,DEL,LHR,Long-Haul Intl,A320,VT-FJY,T3,B20,Departed,13/12/2024 19:01,13/12/2024 19:01,14/12/2024 00:01,13/12/2024 22:01,13/12/2024,19,311,271,87.23067093324777,2,39.05048159019799,19.525240795098995,9,9,100,83,2,47,0,WX,On-Time,0,36.83,MEDIUM
AF-8737,Air France,AF,DEL,AMS,Long-Haul Intl,A320,VT-BEX,T3,B15,Departed,19/11/2024 11:19,19/11/2024 11:19,19/11/2024 18:19,19/11/2024 15:19,19/11/2024,11,273,274,100.40095987172737,4,72.94441884293083,18.236104710732707,10,4,40,76,0,212,0,CREW,On-Time,0,25.95,LOW
SG-2795,SpiceJet,SG,DEL,CDG,Long-Haul Intl,A350,VT-ASP,T3,B17,Departed,23/12/2024 03:00,23/12/2024 04:00,23/12/2024 09:00,23/12/2024 06:00,23/12/2024,3,231,178,77.15999910544105,2,38.90473884643988,19.45236942321994,6,6,100,72,0,132,60,TURNAROUND,Moderate,1,19.62,LOW
IX-4341,Air India Express,IX,DEL,LHR,Long-Haul Intl,B737,VT-QUH,T3,B44,Departed,09/10/2024 22:18,09/10/2024 22:18,10/10/2024 02:18,10/10/2024 01:18,09/10/2024,22,195,189,97.31378574,1,23.745173652640357,23.745173652640357,8,8,100,79,2,64,0,TECH,On-Time,0,36.68,MEDIUM
6E-4387,IndiGo,6E,DEL,BOM,Domestic,A320,VT-UYX,T3,B34,Departed,10/12/2024 11:26,10/12/2024 11:56,10/12/2024 17:26,10/12/2024 16:56,10/12/2024,11,218,197,90.72231425024712,2,28.30873114238039,14.154365571190194,12,5,41.67,69,1,87,30,ATC,Moderate,1,46.01,MEDIUM
BA-6696,British Airways,BA,DEL,LHR,Long-Haul Intl,A320,VT-FEH,T3,B30,Departed,10/12/2024 06:09,10/12/2024 06:39,10/12/2024 11:09,10/12/2024 12:39,10/12/2024,6,280,287,102.65172053598218,4,74.05557905245942,18.513894763114855,11,8,72.73,64,1,26,30,WX,Moderate,1,45.54,MEDIUM
BA-5939,British Airways,BA,DEL,KUL,Long-Haul Intl,B737,VT-ZYJ,T3,B13,Departed,03/12/2024 09:22,03/12/2024 09:52,03/12/2024 18:22,03/12/2024 19:52,03/12/2024,9,190,164,86.47376779191983,1,29.58792094083176,29.58792094083176,8,4,50,64,0,68,30,TURNAROUND,Moderate,1,40.74,MEDIUM
BA-2309,British Airways,BA,DEL,DXB,Long-Haul Intl,A350,VT-JYX,T3,B46,Departed,14/11/2024 21:03,14/11/2024 21:33,15/11/2024 04:03,15/11/2024 00:33,14/11/2024,21,333,294,88.44776490164605,0,0,0,6,6,100,40,0,156,30,CREW,Moderate,1,28.64,LOW
LH-4309,Lufthansa,LH,DEL,CDG,Long-Haul Intl,B787,VT-FEW,T3,B44,Departed,01/12/2024 23:24,01/12/2024 23:24,02/12/2024 09:24,02/12/2024 05:24,01/12/2024,23,324,251,77.52387197771435,2,43.06157914486544,21.53078957243272,11,9,81.82,41,0,183,0,CREW,On-Time,0,30.38,LOW
AF-2392,Air France,AF,DEL,SIN,Long-Haul Intl,B787,VT-IQW,T3,B17,Departed,19/12/2024 23:26,19/12/2024 23:56,20/12/2024 01:26,20/12/2024 06:56,19/12/2024,23,307,279,91.09081656751762,3,42.54068133005818,14.180227110019393,10,7,70,86,2,102,30,TECH,Moderate,1,38.28,MEDIUM
IX-7856,Air India Express,IX,DEL,CCU,Domestic,A320,VT-LYQ,T3,B20,Departed,05/10/2024 00:45,05/10/2024 00:45,05/10/2024 04:45,05/10/2024 06:45,05/10/2024,0,235,199,84.79316131437717,4,58.33187719304474,14.582969298261185,6,6,100,48,0,148,0,TURNAROUND,On-Time,0,26.56,LOW
AF-9084,Air France,AF,DEL,FRA,Long-Haul Intl,B787,VT-KDL,T3,B31,Departed,28/11/2024 12:20,28/11/2024 12:20,28/11/2024 17:20,28/11/2024 19:20,28/11/2024,12,313,293,93.81428511047024,5,96.30248094222877,19.260496188445753,8,7,87.5,49,2,157,0,TURNAROUND,On-Time,0,41.85,MEDIUM
KL-5181,KLM,KL,DEL,JFK,Long-Haul Intl,B787,VT-HGY,T3,B8,Departed,28/10/2024 14:16,28/10/2024 15:16,28/10/2024 20:16,28/10/2024 18:16,28/10/2024,14,281,246,87.60238180738256,2,38.36836787426429,19.184183937132143,7,7,100,55,3,183,60,TECH,Moderate,1,40.93,MEDIUM
QR-233,Qatar Airways,QR,DEL,CDG,Long-Haul Intl,B787,VT-WZC,T3,B47,Departed,21/11/2024 23:36,21/11/2024 23:36,22/11/2024 06:36,22/11/2024 05:36,21/11/2024,23,223,188,84.36533780645958,3,51.499835907935676,17.16661196931189,9,9,100,69,0,92,0,ATC,On-Time,0,24.3,LOW
6E-2755,IndiGo,6E,DEL,JFK,Long-Haul Intl,B737,VT-RLO,T3,B39,Departed,03/11/2024 12:19,03/11/2024 12:49,03/11/2024 20:19,03/11/2024 19:49,03/11/2024,12,213,154,72.38869604487273,4,59.23568093972908,14.80892023493227,12,8,66.67,100,0,65,30,WX,Moderate,1,24.24,LOW
AF-5291,Air France,AF,DEL,FRA,Long-Haul Intl,B737,VT-WYW,T3,B46,Departed,06/10/2024 12:04,06/10/2024 12:34,06/10/2024 19:04,06/10/2024 15:34,06/10/2024,12,253,219,86.9421181,5,85.05998977,17.011997953365743,8,7,87.5,36,0,125,30,ATC,Moderate,1,35.98,MEDIUM
LH-5086,Lufthansa,LH,DEL,CDG,Long-Haul Intl,B737,VT-SGY,T3,B38,Departed,04/10/2024 04:11,04/10/2024 04:41,04/10/2024 09:11,04/10/2024 13:41,04/10/2024,4,271,269,99.52314699442756,3,73.88620673109416,24.62873557703139,11,5,45.45,69,0,179,30,WX,Moderate,1,30.03,LOW
LH-9919,Lufthansa,LH,DEL,CDG,Long-Haul Intl,A350,VT-WIF,T3,B31,Departed,17/12/2024 04:56,17/12/2024 04:56,17/12/2024 13:56,17/12/2024 07:56,17/12/2024,4,298,259,87.01832940153636,9,158.2855737386552,17.587285970961688,6,6,100,54,0,51,0,ATC,On-Time,0,33.28,LOW
UK-7523,Vistara,UK,DEL,HYD,Domestic,B787,VT-JLR,T3,B31,Departed,09/11/2024 06:05,09/11/2024 07:05,09/11/2024 08:05,09/11/2024 09:05,09/11/2024,6,283,205,72.60119539,1,5.792285254400421,5.792285254400421,9,6,66.67,44,3,25,60,CREW,Moderate,1,67.48,HIGH
EK-5638,Emirates,EK,DEL,FRA,Long-Haul Intl,A320,VT-BKX,T3,B33,Departed,15/11/2024 14:40,15/11/2024 14:40,15/11/2024 22:40,15/11/2024 18:40,15/11/2024,14,200,183,91.76243034384186,2,41.973044828348584,20.986522414174292,6,6,100,59,2,195,0,TECH,On-Time,0,31.77,LOW
UK-903,Vistara,UK,DEL,FRA,Long-Haul Intl,A350,VT-SWG,T3,B9,Departed,06/11/2024 06:15,06/11/2024 06:15,06/11/2024 12:15,06/11/2024 12:15,06/11/2024,6,294,267,91.08261870018823,6,77.80388778750111,12.967314631250185,11,7,63.64,100,3,185,0,TURNAROUND,On-Time,0,34.09,LOW
LH-9847,Lufthansa,LH,DEL,BOM,Domestic,A350,VT-BTQ,T3,B27,Departed,03/11/2024 02:25,03/11/2024 02:55,03/11/2024 05:25,03/11/2024 11:55,03/11/2024,2,176,150,85.58574159803484,6,143.8717905580843,23.97863175968072,6,6,100,59,0,164,30,ATC,Moderate,1,21.26,LOW
QR-8993,Qatar Airways,QR,DEL,DOH,Long-Haul Intl,A320,VT-AEH,T3,B48,Departed,26/10/2024 23:11,26/10/2024 23:41,27/10/2024 04:11,27/10/2024 04:41,26/10/2024,23,311,267,86.02241094755345,5,79.33605343548082,15.867210687096165,7,7,100,88,0,93,30,CREW,Moderate,1,17.56,LOW
KL-237,KLM,KL,DEL,KUL,Long-Haul Intl,B737,VT-RMU,T3,B50,Departed,05/11/2024 17:32,05/11/2024 18:02,06/11/2024 03:32,05/11/2024 23:02,05/11/2024,17,248,204,82.54808587200823,5,80.13286825461826,16.026573650923652,9,9,100,67,1,133,30,TURNAROUND,Moderate,1,27.94,LOW
AF-1788,Air France,AF,DEL,JFK,Long-Haul Intl,B787,VT-PEA,T3,B36,Departed,01/11/2024 08:50,01/11/2024 08:50,01/11/2024 18:50,01/11/2024 15:50,01/11/2024,8,322,301,93.72280654597918,4,80.49480157564102,20.123700393910255,9,9,100,70,0,46,0,TURNAROUND,On-Time,0,28.14,LOW
EK-8594,Emirates,EK,DEL,LHR,Long-Haul Intl,A320,VT-GQN,T3,B8,Departed,20/11/2024 02:47,20/11/2024 03:17,20/11/2024 10:47,20/11/2024 07:17,20/11/2024,2,172,148,86.48859445568769,4,83.41455665843888,20.85363916460972,11,9,81.82,48,1,73,30,ATC,Moderate,1,44.59,MEDIUM
AF-6776,Air France,AF,DEL,HYD,Domestic,A320,VT-BSB,T3,B29,Departed,22/11/2024 13:17,22/11/2024 13:17,22/11/2024 19:17,22/11/2024 16:17,22/11/2024,13,218,175,80.45544363961942,7,136.7353068534731,19.533615264781872,12,11,91.67,99,0,197,0,ATC,On-Time,0,6.34,LOW
LH-5509,Lufthansa,LH,DEL,FRA,Long-Haul Intl,A320,VT-TZA,T3,B29,Departed,05/11/2024 05:58,05/11/2024 05:58,05/11/2024 07:58,05/11/2024 14:58,05/11/2024,5,332,266,80.26335054350956,4,82.90349104582599,20.725872761456497,7,7,100,88,3,182,0,TURNAROUND,On-Time,0,29.47,LOW
SQ-6125,Singapore Airlines,SQ,DEL,JFK,Long-Haul Intl,B787,VT-LPF,T3,B27,Departed,13/11/2024 21:52,13/11/2024 21:52,14/11/2024 05:52,14/11/2024 05:52,13/11/2024,21,258,234,91.07839901903957,3,60.338448992642476,20.112816330880825,8,8,100,86,1,104,0,ATC,On-Time,0,23.93,LOW
AF-3581,Air France,AF,DEL,BOM,Domestic,A320,VT-ZMA,T3,B45,Departed,26/10/2024 23:33,27/10/2024 00:03,27/10/2024 07:33,27/10/2024 02:03,26/10/2024,23,172,137,79.73074188105348,5,92.48740852441408,18.497481704882816,6,5,83.33,37,1,146,30,ATC,Moderate,1,41.43,MEDIUM
6E-8492,IndiGo,6E,DEL,SIN,Long-Haul Intl,B787,VT-HPG,T3,B18,Departed,19/11/2024 05:56,19/11/2024 05:56,19/11/2024 13:56,19/11/2024 13:56,19/11/2024,5,274,261,95.32440206840658,5,112.75765054595249,22.551530109190498,10,10,100,75,1,172,0,CREW,On-Time,0,21.6,LOW
SG-6948,SpiceJet,SG,DEL,LHR,Long-Haul Intl,A350,VT-KKI,T3,B37,Departed,06/12/2024 05:07,06/12/2024 05:07,06/12/2024 15:07,06/12/2024 14:07,06/12/2024,5,304,264,87.06392554882551,3,45.797870622456486,15.265956874152161,6,4,66.67,40,1,175,0,ATC,On-Time,0,41.91,MEDIUM
LH-4313,Lufthansa,LH,DEL,JFK,Long-Haul Intl,A320,VT-YNX,T3,B5,Departed,12/12/2024 11:43,12/12/2024 12:43,12/12/2024 19:43,12/12/2024 20:43,12/12/2024,11,248,192,77.46575799692174,3,73.69667597031861,24.56555865677287,8,7,87.5,47,3,34,60,TECH,Moderate,1,60.4,HIGH
IX-8866,Air India Express,IX,DEL,CCU,Domestic,A320,VT-OBF,T3,B47,Departed,24/10/2024 17:23,24/10/2024 17:23,24/10/2024 20:23,25/10/2024 02:23,24/10/2024,17,285,200,70.48692306,5,92.14416779476534,18.428833558953066,6,6,100,42,0,151,0,TECH,On-Time,0,28.39,LOW
SQ-5065,Singapore Airlines,SQ,DEL,BOM,Domestic,B787,VT-UCW,T3,B20,Departed,17/11/2024 15:04,17/11/2024 15:04,17/11/2024 23:04,18/11/2024 01:04,17/11/2024,15,186,153,82.77267941,2,42.20664016054795,21.103320080273974,7,7,100,55,1,112,0,ATC,On-Time,0,34.05,LOW
SQ-4613,Singapore Airlines,SQ,DEL,FRA,Long-Haul Intl,A350,VT-WHG,T3,B32,Departed,11/10/2024 05:57,11/10/2024 08:27,11/10/2024 09:57,11/10/2024 14:27,11/10/2024,5,315,267,85.04083393,2,48.31629998223315,24.158149991116574,7,7,100,59,0,142,150,TURNAROUND,Moderate,1,23.26,LOW
6E-9352,IndiGo,6E,DEL,AMS,Long-Haul Intl,B737,VT-GLQ,T3,B3,Departed,11/12/2024 16:07,11/12/2024 16:07,11/12/2024 20:07,11/12/2024 22:07,11/12/2024,16,236,206,87.60014204043694,4,84.56874704240236,21.14218676060059,9,8,88.89,79,0,92,0,TURNAROUND,On-Time,0,23.58,LOW
AF-8037,Air France,AF,DEL,SIN,Long-Haul Intl,B787,VT-RYO,T3,B19,Departed,19/11/2024 00:53,19/11/2024 00:53,19/11/2024 09:53,19/11/2024 02:53,19/11/2024,0,198,185,93.74595029132256,1,11.461546248199738,11.461546248199738,11,11,100,94,3,174,0,TURNAROUND,On-Time,0,28.1,LOW
SG-9788,SpiceJet,SG,DEL,BLR,Domestic,B787,VT-FUG,T3,B45,Departed,19/10/2024 16:48,19/10/2024 19:18,20/10/2024 00:48,19/10/2024 23:18,19/10/2024,16,266,205,77.14356429665031,3,30.345798412362477,10.115266137454158,12,4,33.33,46,3,173,150,WX,Moderate,1,61.66,HIGH
UK-6143,Vistara,UK,DEL,SIN,Long-Haul Intl,A320,VT-DEV,T3,B32,Departed,28/10/2024 05:33,28/10/2024 06:03,28/10/2024 10:33,28/10/2024 10:03,28/10/2024,5,216,219,101.41716221680332,3,62.450315520978855,20.816771840326286,10,10,100,66,0,166,30,TECH,Moderate,1,18.63,LOW
SG-4647,SpiceJet,SG,DEL,DXB,Long-Haul Intl,B787,VT-MUH,T3,B33,Departed,17/12/2024 18:06,17/12/2024 18:06,18/12/2024 03:06,18/12/2024 01:06,17/12/2024,18,284,269,94.94896404939978,2,47.34556138318993,23.672780691594966,6,6,100,47,0,111,0,CREW,On-Time,0,30.28,LOW
SQ-7188,Singapore Airlines,SQ,DEL,AMS,Long-Haul Intl,A350,VT-VRT,T3,B13,Departed,27/10/2024 17:09,27/10/2024 17:09,27/10/2024 23:09,27/10/2024 20:09,27/10/2024,17,173,135,78.38469820561346,3,42.35790298322684,14.119300994408947,6,6,100,65,2,36,0,WX,On-Time,0,44.13,MEDIUM
SG-1334,SpiceJet,SG,DEL,MAA,Domestic,B737,VT-TZI,T3,B26,Departed,05/10/2024 05:28,05/10/2024 05:58,05/10/2024 13:28,05/10/2024 10:58,05/10/2024,5,246,198,80.52948288,1,28.24604324301207,28.24604324301207,8,8,100,54,2,62,30,TECH,Moderate,1,45.62,MEDIUM
AI-3647,Air India,AI,DEL,HYD,Domestic,B787,VT-WZZ,T3,B24,Departed,23/12/2024 23:21,23/12/2024 23:21,24/12/2024 07:21,24/12/2024 07:21,23/12/2024,23,232,202,87.15567006633775,2,24.911225233995545,12.455612616997772,11,11,100,52,1,140,0,WX,On-Time,0,32.56,LOW
IX-1577,Air India Express,IX,DEL,AMS,Long-Haul Intl,B787,VT-MCM,T3,B45,Departed,18/12/2024 04:14,18/12/2024 04:14,18/12/2024 10:14,18/12/2024 11:14,18/12/2024,4,277,254,91.90589821,2,42.611471648841615,21.305735824420807,7,7,100,94,2,60,0,TURNAROUND,On-Time,0,31.8,LOW
LH-3652,Lufthansa,LH,DEL,BLR,Domestic,A320,VT-WIO,T3,B16,Departed,07/11/2024 18:00,07/11/2024 18:00,08/11/2024 03:00,08/11/2024 03:00,07/11/2024,18,306,249,81.66504429946696,1,12.147072514333384,12.147072514333384,10,10,100,97,3,189,0,CREW,On-Time,0,25.69,LOW
6E-4509,IndiGo,6E,DEL,DOH,Long-Haul Intl,A350,VT-MCB,T3,B23,Departed,29/11/2024 17:34,29/11/2024 17:34,29/11/2024 23:34,29/11/2024 23:34,29/11/2024,17,234,215,92.24237280313406,2,42.55093241590728,21.27546620795364,9,4,44.44,40,2,197,0,TURNAROUND,On-Time,0,52.13,MEDIUM
SG-4979,SpiceJet,SG,DEL,CDG,Long-Haul Intl,A350,VT-TXS,T3,B18,Departed,28/10/2024 18:59,28/10/2024 18:59,29/10/2024 00:59,29/10/2024 04:59,28/10/2024,18,337,314,93.39951644598696,4,70.21639672645766,17.554099181614415,7,7,100,66,0,231,0,TURNAROUND,On-Time,0,12.72,LOW
LH-8677,Lufthansa,LH,DEL,DOH,Long-Haul Intl,A320,VT-QYB,T3,B29,Departed,07/12/2024 14:39,07/12/2024 15:09,07/12/2024 19:39,07/12/2024 17:09,07/12/2024,14,284,257,90.77202093,5,124.57989387317629,24.915978774635256,11,8,72.73,77,0,187,30,ATC,Moderate,1,19.69,LOW
6E-6024,IndiGo,6E,DEL,FRA,Long-Haul Intl,A320,VT-QLU,T3,B7,Departed,23/12/2024 22:01,23/12/2024 22:31,24/12/2024 00:01,24/12/2024 03:31,23/12/2024,22,266,256,96.38319357,3,62.88694354272562,20.96231451424187,12,7,58.33,36,0,58,30,ATC,Moderate,1,49.36,MEDIUM
BA-9268,British Airways,BA,DEL,KUL,Long-Haul Intl,A350,VT-CMR,T3,B33,Departed,25/10/2024 01:07,25/10/2024 01:37,25/10/2024 09:07,25/10/2024 10:37,25/10/2024,1,234,177,75.82870318661251,3,59.67572865448195,19.891909551493985,9,9,100,94,2,132,30,TECH,Moderate,1,25.25,LOW
6E-4950,IndiGo,6E,DEL,CDG,Long-Haul Intl,B737,VT-JOP,T3,B49,Departed,04/11/2024 00:27,04/11/2024 00:27,04/11/2024 06:27,04/11/2024 10:27,04/11/2024,0,289,257,89.17829397560382,1,11.917182534105065,11.917182534105065,12,10,83.33,57,1,170,0,ATC,On-Time,0,32.25,LOW
EK-2963,Emirates,EK,DEL,BOM,Domestic,A350,VT-PZA,T3,B17,Departed,30/12/2024 09:04,30/12/2024 09:34,30/12/2024 18:04,30/12/2024 18:34,30/12/2024,9,207,169,81.78893357719406,5,108.88917443413695,21.77783488682739,8,8,100,65,1,130,30,CREW,Moderate,1,28.92,LOW
AF-3674,Air France,AF,DEL,BLR,Domestic,A320,VT-RHS,T3,B33,Departed,18/10/2024 23:50,18/10/2024 23:50,19/10/2024 04:50,19/10/2024 06:50,18/10/2024,23,185,134,72.87153849491976,6,84.28753913425544,14.047923189042573,8,4,50,39,1,199,0,TECH,On-Time,0,44.24,MEDIUM
SG-4062,SpiceJet,SG,DEL,KUL,Long-Haul Intl,A350,VT-AJO,T3,B41,Departed,15/10/2024 00:32,15/10/2024 01:02,15/10/2024 06:32,15/10/2024 10:02,15/10/2024,0,339,248,73.18853542043897,2,38.60593623674467,19.302968118372334,6,6,100,68,0,66,30,WX,Moderate,1,27.02,LOW
QR-4639,Qatar Airways,QR,DEL,DXB,Long-Haul Intl,A350,VT-LBW,T3,B2,Departed,15/10/2024 08:13,15/10/2024 08:13,15/10/2024 15:13,15/10/2024 11:13,15/10/2024,8,329,294,89.45209771227299,3,68.00537190245993,22.668457300819977,12,10,83.33,44,1,82,0,ATC,On-Time,0,44.8,MEDIUM
EK-9962,Emirates,EK,DEL,AMS,Long-Haul Intl,B737,VT-QLI,T3,B37,Departed,14/10/2024 16:02,14/10/2024 16:32,14/10/2024 23:02,14/10/2024 18:32,14/10/2024,16,327,297,90.89120821,2,48.11701775818527,24.058508879092635,11,6,54.55,36,1,129,30,TECH,Moderate,1,50.52,MEDIUM
EK-115,Emirates,EK,DEL,HYD,Domestic,A320,VT-PWW,T3,B16,Departed,04/11/2024 21:46,04/11/2024 21:46,05/11/2024 04:46,05/11/2024 03:46,04/11/2024,21,298,286,96.08696669988257,7,151.3815835592173,21.625940508459614,10,10,100,45,0,88,0,CREW,On-Time,0,33.07,LOW
AI-9673,Air India,AI,DEL,MAA,Domestic,B737,VT-XSG,T3,B1,Departed,07/10/2024 02:11,07/10/2024 02:11,07/10/2024 12:11,07/10/2024 09:11,07/10/2024,2,284,242,85.25389032614981,6,106.72939515052231,17.78823252508705,9,8,88.89,84,0,62,0,ATC,On-Time,0,24.56,LOW
UK-4874,Vistara,UK,DEL,DXB,Long-Haul Intl,A350,VT-APK,T3,B14,Departed,01/10/2024 11:00,01/10/2024 11:00,01/10/2024 16:00,01/10/2024 15:00,01/10/2024,11,333,260,78.10730494275934,1,9.785422989459631,9.785422989459631,7,7,100,65,2,195,0,TURNAROUND,On-Time,0,29.67,LOW
LH-4611,Lufthansa,LH,DEL,DXB,Long-Haul Intl,B787,VT-TNC,T3,B1,Departed,09/11/2024 03:03,09/11/2024 03:03,09/11/2024 05:03,09/11/2024 05:03,09/11/2024,3,165,151,92.12008453568454,5,93.82067921825603,18.764135843651207,11,8,72.73,90,0,53,0,CREW,On-Time,0,27.32,LOW
UK-8294,Vistara,UK,DEL,CCU,Domestic,A350,VT-DDL,T3,B15,Departed,06/12/2024 10:25,06/12/2024 10:25,06/12/2024 14:25,06/12/2024 14:25,06/12/2024,10,229,195,85.38841496,4,51.642066989022965,12.910516747255741,11,11,100,43,0,59,0,WX,On-Time,0,36.4,MEDIUM
EK-8068,Emirates,EK,DEL,JFK,Long-Haul Intl,B787,VT-CJQ,T3,B2,Departed,12/12/2024 09:11,12/12/2024 09:11,12/12/2024 18:11,12/12/2024 11:11,12/12/2024,9,202,174,86.52091756103302,2,42.92104571674592,21.46052285837296,8,7,87.5,55,3,222,0,WX,On-Time,0,40.51,MEDIUM
KL-241,KLM,KL,DEL,LHR,Long-Haul Intl,B737,VT-BDF,T3,B34,Departed,25/10/2024 01:07,25/10/2024 01:07,25/10/2024 07:07,25/10/2024 04:07,25/10/2024,1,173,150,87.03815699103461,1,14.699835190697945,14.699835190697945,12,12,100,62,0,80,0,WX,On-Time,0,27.85,LOW
SG-4346,SpiceJet,SG,DEL,SIN,Long-Haul Intl,A320,VT-PYU,T3,B31,Departed,14/10/2024 03:53,14/10/2024 03:53,14/10/2024 06:53,14/10/2024 11:53,14/10/2024,3,192,178,92.87608123669416,3,38.44409704204992,12.81469901401664,6,6,100,96,0,197,0,ATC,On-Time,0,5.31,LOW
SQ-7054,Singapore Airlines,SQ,DEL,JFK,Long-Haul Intl,B737,VT-WFL,T3,B5,Departed,14/10/2024 12:02,14/10/2024 12:32,14/10/2024 21:02,14/10/2024 19:32,14/10/2024,12,338,299,88.53842484604709,2,50.008867183677424,25.004433591838712,6,6,100,41,1,214,30,TURNAROUND,Moderate,1,29.68,LOW
QR-6167,Qatar Airways,QR,DEL,HYD,Domestic,B787,VT-OWA,T3,B19,Departed,05/12/2024 00:17,05/12/2024 00:17,05/12/2024 04:17,05/12/2024 06:17,05/12/2024,0,209,171,82.29066052,4,84.89341477058103,21.223353692645258,9,6,66.67,50,2,81,0,WX,On-Time,0,53.62,MEDIUM
LH-979,Lufthansa,LH,DEL,LHR,Long-Haul Intl,A350,VT-PRM,T3,B37,Departed,03/10/2024 03:11,03/10/2024 03:41,03/10/2024 05:11,03/10/2024 06:41,03/10/2024,3,230,214,93.38017401,3,73.89521142684576,24.63173714228192,8,7,87.5,38,1,77,30,ATC,Moderate,1,46.31,MEDIUM
6E-295,IndiGo,6E,DEL,KUL,Long-Haul Intl,B787,VT-DJW,T3,B43,Departed,25/11/2024 16:15,25/11/2024 17:15,25/11/2024 23:15,25/11/2024 19:15,25/11/2024,16,272,216,79.51520085435362,3,58.86799042662136,19.622663475540453,11,11,100,38,0,180,60,CREW,Moderate,1,27.15,LOW
6E-1827,IndiGo,6E,DEL,FRA,Long-Haul Intl,A320,VT-IET,T3,B27,Departed,19/10/2024 16:01,19/10/2024 16:01,19/10/2024 19:01,19/10/2024 19:01,19/10/2024,16,313,270,86.29235899824336,2,50.49803126502424,25.24901563251212,10,9,90,74,0,94,0,TECH,On-Time,0,24.87,LOW
AF-5913,Air France,AF,DEL,AMS,Long-Haul Intl,A320,VT-ZRH,T3,B48,Departed,23/10/2024 02:00,23/10/2024 02:00,23/10/2024 07:00,23/10/2024 10:00,23/10/2024,2,244,203,83.33295469091891,0,0,0,8,5,62.5,51,0,35,0,TURNAROUND,On-Time,0,45.16,MEDIUM
EK-6978,Emirates,EK,DEL,CDG,Long-Haul Intl,B787,VT-LTN,T3,B3,Departed,05/10/2024 23:30,05/10/2024 23:30,06/10/2024 08:30,06/10/2024 04:30,05/10/2024,23,175,165,94.36673963954571,7,119.18258113551616,17.02608301935945,9,9,100,86,1,101,0,WX,On-Time,0,24.2,LOW
AI-4659,Air India,AI,DEL,LHR,Long-Haul Intl,B787,VT-VNV,T3,B5,Departed,11/12/2024 02:22,11/12/2024 04:52,11/12/2024 12:22,11/12/2024 13:52,11/12/2024,2,306,258,84.46182962179134,1,16.19053008031542,16.19053008031542,9,5,55.56,86,3,113,150,TECH,Moderate,1,47.56,MEDIUM
KL-2732,KLM,KL,DEL,JFK,Long-Haul Intl,A320,VT-YDU,T3,B13,Departed,22/10/2024 19:34,22/10/2024 19:34,23/10/2024 04:34,23/10/2024 04:34,22/10/2024,19,252,214,85.15771301,3,39.85614832629134,13.285382775430447,8,5,62.5,70,3,67,0,TURNAROUND,On-Time,0,55.6,MEDIUM
AI-3150,Air India,AI,DEL,LHR,Long-Haul Intl,B787,VT-XBT,T3,B18,Departed,25/12/2024 10:48,25/12/2024 10:48,25/12/2024 19:48,25/12/2024 20:48,25/12/2024,10,309,244,79.14733535071218,5,63.05264992237626,12.610529984475253,9,4,44.44,72,1,157,0,CREW,On-Time,0,37.9,MEDIUM
SQ-9287,Singapore Airlines,SQ,DEL,AMS,Long-Haul Intl,B787,VT-ZOI,T3,B27,Departed,26/11/2024 22:29,26/11/2024 22:29,27/11/2024 01:29,27/11/2024 07:29,26/11/2024,22,233,177,76.21805482856793,4,60.602386884934795,15.150596721233699,8,6,75,84,0,101,0,TECH,On-Time,0,24.49,LOW
EK-5707,Emirates,EK,DEL,LHR,Long-Haul Intl,B737,VT-LRW,T3,B7,Departed,09/12/2024 03:52,09/12/2024 04:22,09/12/2024 07:52,09/12/2024 08:22,09/12/2024,3,289,256,88.63366429118008,4,105.95988853270626,26.489972133176565,7,7,100,97,3,57,30,TURNAROUND,Moderate,1,37.69,MEDIUM
AF-5353,Air France,AF,DEL,DXB,Long-Haul Intl,B787,VT-NPZ,T3,B42,Departed,05/11/2024 04:08,05/11/2024 04:08,05/11/2024 08:08,05/11/2024 14:08,05/11/2024,4,325,281,86.57466536654319,3,53.15086347478292,17.716954491594308,8,8,100,97,0,146,0,TECH,On-Time,0,9.6,LOW
BA-8120,British Airways,BA,DEL,BOM,Domestic,B787,VT-GQR,T3,B46,Departed,27/12/2024 22:17,27/12/2024 22:17,28/12/2024 07:17,28/12/2024 04:17,27/12/2024,22,177,167,94.91042574,6,107.03772711975846,17.83962118662641,12,12,100,96,3,38,0,TURNAROUND,On-Time,0,39.76,MEDIUM
QR-3715,Qatar Airways,QR,DEL,DXB,Long-Haul Intl,B787,VT-EJJ,T3,B41,Departed,24/12/2024 13:41,24/12/2024 16:11,24/12/2024 22:41,24/12/2024 21:11,24/12/2024,13,295,285,96.67889889590336,2,58.415817641372165,29.207908820686082,8,8,100,41,2,183,150,TECH,Moderate,1,39.17,MEDIUM
SQ-9188,Singapore Airlines,SQ,DEL,JFK,Long-Haul Intl,B787,VT-TMJ,T3,B24,Departed,16/11/2024 22:18,17/11/2024 00:48,17/11/2024 08:18,17/11/2024 08:48,16/11/2024,22,303,220,72.90758238148211,2,46.470329855156045,23.235164927578023,9,7,77.78,61,2,206,150,TECH,Moderate,1,35.63,MEDIUM
LH-8562,Lufthansa,LH,DEL,LHR,Long-Haul Intl,A320,VT-MOK,T3,B45,Departed,23/11/2024 12:41,23/11/2024 12:41,23/11/2024 18:41,23/11/2024 18:41,23/11/2024,12,245,197,80.76583203316615,1,21.15815593056112,21.15815593056112,12,9,75,48,3,82,0,CREW,On-Time,0,58.81,MEDIUM
SQ-1712,Singapore Airlines,SQ,DEL,MAA,Domestic,A350,VT-JRZ,T3,B14,Departed,11/10/2024 20:37,11/10/2024 21:07,11/10/2024 23:37,11/10/2024 23:07,11/10/2024,20,253,235,93.19112204783929,3,37.18885663816212,12.39628554605404,9,8,88.89,39,0,96,30,TECH,Moderate,1,37.22,MEDIUM
LH-6040,Lufthansa,LH,DEL,BLR,Domestic,A320,VT-SOQ,T3,B11,Departed,10/11/2024 00:11,10/11/2024 00:11,10/11/2024 06:11,10/11/2024 07:11,10/11/2024,0,240,162,67.59383463069626,3,58.509302071643575,19.503100690547857,6,6,100,89,2,193,0,WX,On-Time,0,21.46,LOW
SG-6153,SpiceJet,SG,DEL,SIN,Long-Haul Intl,A350,VT-SHY,T3,B32,Departed,01/12/2024 01:12,01/12/2024 01:12,01/12/2024 03:12,01/12/2024 05:12,01/12/2024,1,316,271,85.81497435002619,3,58.70662193164366,19.568873977214555,6,4,66.67,36,1,150,0,WX,On-Time,0,45.58,MEDIUM
UK-602,Vistara,UK,DEL,CDG,Long-Haul Intl,A320,VT-LMN,T3,B31,Departed,27/11/2024 10:19,27/11/2024 10:19,27/11/2024 14:19,27/11/2024 12:19,27/11/2024,10,185,132,71.60990601560746,0,0,0,12,4,33.33,96,3,221,0,WX,On-Time,0,39.79,MEDIUM
EK-7278,Emirates,EK,DEL,BOM,Domestic,B737,VT-SMA,T3,B4,Departed,22/10/2024 13:23,22/10/2024 13:23,22/10/2024 17:23,22/10/2024 20:23,22/10/2024,13,246,189,77.22083214,0,0,0,7,7,100,55,1,121,0,ATC,On-Time,0,33.23,LOW
SG-3164,SpiceJet,SG,DEL,CCU,Domestic,B787,VT-CWG,T3,B41,Departed,05/10/2024 10:04,05/10/2024 10:04,05/10/2024 16:04,05/10/2024 15:04,05/10/2024,10,254,230,90.83651542253916,2,36.67311523417853,18.336557617089266,6,5,83.33,55,3,84,0,CREW,On-Time,0,54.1,MEDIUM
LH-513,Lufthansa,LH,DEL,AMS,Long-Haul Intl,B737,VT-DIL,T3,B14,Departed,20/12/2024 07:11,20/12/2024 07:41,20/12/2024 09:11,20/12/2024 13:41,20/12/2024,7,258,238,92.40617425745496,3,78.67087797621353,26.223625992071177,8,8,100,44,0,139,30,CREW,Moderate,1,28.78,LOW
QR-4555,Qatar Airways,QR,DEL,FRA,Long-Haul Intl,B737,VT-HNC,T3,B40,Departed,16/10/2024 16:01,16/10/2024 16:01,17/10/2024 00:01,16/10/2024 18:01,16/10/2024,16,315,330,105,3,43.680150963837484,14.560050321279162,9,4,44.44,92,0,110,0,TURNAROUND,On-Time,0,28.51,LOW
SQ-6432,Singapore Airlines,SQ,DEL,BOM,Domestic,B787,VT-GMB,T3,B26,Departed,07/11/2024 10:52,07/11/2024 10:52,07/11/2024 18:52,07/11/2024 20:52,07/11/2024,10,181,150,83.08730300393569,3,66.07226705643986,22.024089018813285,6,6,100,73,0,27,0,CREW,On-Time,0,28.81,LOW
IX-8650,Air India Express,IX,DEL,JFK,Long-Haul Intl,A320,VT-WFF,T3,B11,Departed,28/12/2024 19:53,28/12/2024 19:53,28/12/2024 23:53,29/12/2024 00:53,28/12/2024,19,331,264,80.03784322571886,0,0,0,6,4,66.67,39,2,198,0,ATC,On-Time,0,46.83,MEDIUM
6E-5577,IndiGo,6E,DEL,DOH,Long-Haul Intl,B787,VT-BXJ,T3,B17,Departed,30/12/2024 07:14,30/12/2024 07:14,30/12/2024 13:14,30/12/2024 17:14,30/12/2024,7,307,265,86.55391677970643,2,44.84769391294341,22.423846956471706,7,7,100,99,1,228,0,TECH,On-Time,0,8.11,LOW
IX-8223,Air India Express,IX,DEL,BLR,Domestic,A350,VT-FRR,T3,B9,Departed,31/10/2024 06:39,31/10/2024 07:09,31/10/2024 12:39,31/10/2024 17:09,31/10/2024,6,162,131,81.29078605,2,57.61202674586576,28.80601337293288,12,12,100,47,1,92,30,WX,Moderate,1,38.67,MEDIUM
6E-7941,IndiGo,6E,DEL,CCU,Domestic,A320,VT-TSR,T3,B42,Departed,20/11/2024 10:37,20/11/2024 10:37,20/11/2024 17:37,20/11/2024 20:37,20/11/2024,10,210,183,87.17404455600811,4,64.01881551838866,16.004703879597166,12,4,33.33,87,1,153,0,TECH,On-Time,0,35.79,MEDIUM
LH-3345,Lufthansa,LH,DEL,BLR,Domestic,A320,VT-SFC,T3,B34,Departed,10/10/2024 23:11,10/10/2024 23:11,11/10/2024 04:11,11/10/2024 05:11,10/10/2024,23,169,148,87.86238738307173,1,31.18470931,31.18470931,11,7,63.64,79,0,126,0,TECH,On-Time,0,26.8,LOW
AI-6105,Air India,AI,DEL,BOM,Domestic,A350,VT-HLP,T3,B30,Departed,21/10/2024 06:49,21/10/2024 06:49,21/10/2024 11:49,21/10/2024 15:49,21/10/2024,6,307,282,92.05319613705842,4,81.95065548571354,20.487663871428385,7,7,100,66,1,108,0,CREW,On-Time,0,30.57,LOW
IX-4944,Air India Express,IX,DEL,CCU,Domestic,B787,VT-UDO,T3,B13,Departed,27/10/2024 20:12,27/10/2024 20:12,28/10/2024 00:12,28/10/2024 06:12,27/10/2024,20,170,143,84.38144799215002,4,48.39242685068652,12.09810671267163,8,8,100,70,0,58,0,TECH,On-Time,0,27.05,LOW
AI-6404,Air India,AI,DEL,CDG,Long-Haul Intl,B737,VT-XEU,T3,B5,Departed,27/10/2024 08:09,27/10/2024 08:39,27/10/2024 11:09,27/10/2024 12:39,27/10/2024,8,291,231,79.4443068,6,86.72530521897318,14.454217536495529,12,11,91.67,94,0,132,30,ATC,Moderate,1,14,LOW
LH-1113,Lufthansa,LH,DEL,MAA,Domestic,A320,VT-TUL,T3,B37,Departed,28/11/2024 10:08,28/11/2024 11:08,28/11/2024 16:08,28/11/2024 21:08,28/11/2024,10,190,156,82.23439599989688,1,27.67084767518115,27.67084767518115,9,4,44.44,45,0,207,60,TECH,Moderate,1,36.14,MEDIUM
KL-6897,KLM,KL,DEL,CCU,Domestic,A320,VT-UUF,T3,B28,Departed,28/12/2024 15:21,28/12/2024 15:21,28/12/2024 21:21,28/12/2024 17:21,28/12/2024,15,185,172,93.12218641,4,77.86874799602793,19.467186999006984,7,7,100,97,2,47,0,CREW,On-Time,0,31.93,LOW
SG-1042,SpiceJet,SG,DEL,FRA,Long-Haul Intl,A350,VT-EYM,T3,B44,Departed,30/10/2024 12:06,30/10/2024 12:06,30/10/2024 21:06,30/10/2024 22:06,30/10/2024,12,318,283,89.09035238277842,1,6.342724157595055,6.342724157595055,6,4,66.67,55,3,116,0,WX,On-Time,0,55.36,MEDIUM
AI-8393,Air India,AI,DEL,LHR,Long-Haul Intl,B737,VT-WSO,T3,B15,Departed,04/11/2024 18:56,04/11/2024 19:56,04/11/2024 22:56,05/11/2024 05:56,04/11/2024,18,279,243,87.42559814626331,1,27.92127338085373,27.92127338085373,9,9,100,86,0,201,60,TECH,Moderate,1,8.45,LOW
AI-5756,Air India,AI,DEL,JFK,Long-Haul Intl,B737,VT-DSP,T3,B39,Departed,21/10/2024 11:52,21/10/2024 11:52,21/10/2024 16:52,21/10/2024 20:52,21/10/2024,11,264,230,87.28739500125117,3,61.004517039237236,20.33483901307908,9,6,66.67,89,3,56,0,TECH,On-Time,0,48.91,MEDIUM
AI-4346,Air India,AI,DEL,DOH,Long-Haul Intl,A320,VT-GCG,T3,B15,Departed,24/10/2024 06:40,24/10/2024 06:40,24/10/2024 13:40,24/10/2024 15:40,24/10/2024,6,265,248,93.69263143249582,3,38.11331922461546,12.704439741538486,6,6,100,60,3,156,0,ATC,On-Time,0,41.64,MEDIUM
UK-6272,Vistara,UK,DEL,AMS,Long-Haul Intl,A350,VT-OZE,T3,B40,Departed,01/12/2024 02:54,01/12/2024 02:54,01/12/2024 07:54,01/12/2024 06:54,01/12/2024,2,340,307,90.56430074221414,2,38.73594206643101,19.367971033215504,7,6,85.71,68,2,101,0,TECH,On-Time,0,40.74,MEDIUM
QR-8916,Qatar Airways,QR,DEL,FRA,Long-Haul Intl,A320,VT-VAO,T3,B8,Departed,11/11/2024 04:58,11/11/2024 04:58,11/11/2024 12:58,11/11/2024 09:58,11/11/2024,4,210,184,88.08731133786598,0,0,0,6,4,66.67,86,0,75,0,TECH,On-Time,0,28.23,LOW
6E-6560,IndiGo,6E,DEL,DOH,Long-Haul Intl,B787,VT-RZE,T3,B10,Departed,14/12/2024 12:34,14/12/2024 13:04,14/12/2024 22:34,14/12/2024 23:04,14/12/2024,12,280,276,98.92385823485884,3,70.02705186977178,23.34235062325726,11,11,100,86,0,206,30,TURNAROUND,Moderate,1,7.99,LOW
QR-415,Qatar Airways,QR,DEL,BOM,Domestic,A320,VT-KTV,T3,B25,Departed,29/10/2024 12:28,29/10/2024 12:28,29/10/2024 22:28,29/10/2024 20:28,29/10/2024,12,182,134,74.01502563,2,30.323894003802046,15.161947001901023,9,6,66.67,63,1,104,0,TURNAROUND,On-Time,0,40.31,MEDIUM
QR-591,Qatar Airways,QR,DEL,AMS,Long-Haul Intl,A350,VT-GIQ,T3,B12,Departed,25/12/2024 17:01,25/12/2024 17:31,25/12/2024 21:01,26/12/2024 03:31,25/12/2024,17,219,195,89.18193286218853,3,68.41831999657009,22.806106665523362,10,5,50,72,2,21,30,TURNAROUND,Moderate,1,55.54,MEDIUM
QR-7902,Qatar Airways,QR,DEL,DOH,Long-Haul Intl,A350,VT-XDG,T3,B9,Departed,01/11/2024 21:05,01/11/2024 21:05,02/11/2024 06:05,02/11/2024 01:05,01/11/2024,21,172,146,85.33946986587664,4,70.50254918946025,17.625637297365063,10,4,40,76,1,208,0,ATC,On-Time,0,32.98,LOW
LH-492,Lufthansa,LH,DEL,DOH,Long-Haul Intl,B787,VT-CDA,T3,B18,Departed,30/11/2024 07:18,30/11/2024 07:48,30/11/2024 16:18,30/11/2024 09:48,30/11/2024,7,279,264,94.68383334014644,5,107.67529529128929,21.535059058257858,8,6,75,55,1,77,30,WX,Moderate,1,43.48,MEDIUM
UK-7438,Vistara,UK,DEL,AMS,Long-Haul Intl,B787,VT-QAW,T3,B27,Departed,22/11/2024 08:55,22/11/2024 09:25,22/11/2024 14:55,22/11/2024 15:25,22/11/2024,8,160,150,93.98346055,1,6.586780426858362,6.586780426858362,12,5,41.67,76,0,126,30,ATC,Moderate,1,33.35,LOW
LH-2493,Lufthansa,LH,DEL,LHR,Long-Haul Intl,B787,VT-ZBF,T3,B37,Departed,26/12/2024 02:10,26/12/2024 02:10,26/12/2024 06:10,26/12/2024 05:10,26/12/2024,2,300,233,77.83357755417421,4,57.61638137,14.404095343555275,6,5,83.33,47,2,142,0,TECH,On-Time,0,44.96,MEDIUM
LH-3049,Lufthansa,LH,DEL,DXB,Long-Haul Intl,B787,VT-YZQ,T3,B18,Departed,08/10/2024 01:56,08/10/2024 02:26,08/10/2024 07:56,08/10/2024 04:26,08/10/2024,1,160,120,75.14363546806945,3,28.771613845981065,9.590537948660355,6,6,100,98,0,207,30,TURNAROUND,Moderate,1,3.7,LOW
LH-9543,Lufthansa,LH,DEL,KUL,Long-Haul Intl,B737,VT-XFO,T3,B20,Departed,04/11/2024 03:54,04/11/2024 03:54,04/11/2024 09:54,04/11/2024 13:54,04/11/2024,3,176,147,83.77506323836994,0,0,0,8,4,50,51,1,187,0,TECH,On-Time,0,41.13,MEDIUM
6E-4166,IndiGo,6E,DEL,JFK,Long-Haul Intl,B737,VT-FYP,T3,B20,Departed,11/12/2024 21:13,11/12/2024 21:43,12/12/2024 05:13,12/12/2024 04:43,11/12/2024,21,328,297,90.56797320924176,5,73.14902009176376,14.629804018352752,8,5,62.5,43,2,183,30,TECH,Moderate,1,47.84,MEDIUM
QR-5519,Qatar Airways,QR,DEL,HYD,Domestic,B737,VT-PVO,T3,B44,Departed,09/10/2024 12:53,09/10/2024 12:53,09/10/2024 19:53,09/10/2024 22:53,09/10/2024,12,169,152,90.35955650506462,4,62.21549487882123,15.553873719705308,8,8,100,75,1,133,0,TECH,On-Time,0,25.14,LOW
AF-5336,Air France,AF,DEL,BOM,Domestic,A320,VT-SHC,T3,B22,Departed,26/11/2024 06:40,26/11/2024 06:40,26/11/2024 13:40,26/11/2024 09:40,26/11/2024,6,211,158,75.18335849982152,3,33.17668127362563,11.058893757875211,9,6,66.67,35,1,126,0,TURNAROUND,On-Time,0,48.11,MEDIUM
UK-6672,Vistara,UK,DEL,JFK,Long-Haul Intl,B787,VT-CNJ,T3,B48,Departed,04/10/2024 14:54,04/10/2024 14:54,04/10/2024 17:54,05/10/2024 00:54,04/10/2024,14,329,295,89.87461122131359,5,98.69192745,19.73838549080794,11,7,63.64,36,3,56,0,TURNAROUND,On-Time,0,68.22,HIGH
SQ-658,Singapore Airlines,SQ,DEL,MAA,Domestic,A320,VT-LIW,T3,B15,Departed,30/11/2024 17:04,30/11/2024 17:04,30/11/2024 19:04,01/12/2024 02:04,30/11/2024,17,199,185,93.41865059356716,6,106.27449377658466,17.712415629430776,6,4,66.67,94,2,98,0,TECH,On-Time,0,36.67,MEDIUM
IX-1406,Air India Express,IX,DEL,JFK,Long-Haul Intl,B737,VT-EFF,T3,B34,Departed,10/12/2024 11:56,10/12/2024 11:56,10/12/2024 21:56,10/12/2024 19:56,10/12/2024,11,269,203,75.57006945272819,1,26.80796043,26.80796043,9,9,100,82,2,111,0,TECH,On-Time,0,31.36,LOW
IX-4880,Air India Express,IX,DEL,AMS,Long-Haul Intl,B787,VT-ABO,T3,B30,Departed,17/11/2024 20:49,17/11/2024 20:49,18/11/2024 05:49,18/11/2024 06:49,17/11/2024,20,172,138,80.42560649812664,2,26.683474332833605,13.341737166416802,8,8,100,63,3,37,0,CREW,On-Time,0,51.4,MEDIUM
SQ-2543,Singapore Airlines,SQ,DEL,BOM,Domestic,B787,VT-PFQ,T3,B25,Departed,02/11/2024 21:05,02/11/2024 21:35,03/11/2024 04:05,02/11/2024 23:35,02/11/2024,21,294,260,88.72005308686956,0,0,0,6,6,100,44,1,117,30,ATC,Moderate,1,37.45,MEDIUM
LH-4179,Lufthansa,LH,DEL,BLR,Domestic,A350,VT-CFN,T3,B7,Departed,22/10/2024 22:11,22/10/2024 22:11,23/10/2024 00:11,23/10/2024 02:11,22/10/2024,22,309,282,91.41673781277736,1,10.48356051974413,10.48356051974413,9,6,66.67,92,1,82,0,TURNAROUND,On-Time,0,32.16,LOW
UK-9135,Vistara,UK,DEL,BOM,Domestic,A350,VT-XBE,T3,B28,Departed,11/12/2024 08:01,11/12/2024 08:01,11/12/2024 15:01,11/12/2024 13:01,11/12/2024,8,289,251,87.11102674273347,8,111.07490800607718,13.884363500759648,11,6,54.55,94,0,169,0,TECH,On-Time,0,19.92,LOW
BA-4383,British Airways,BA,DEL,FRA,Long-Haul Intl,A350,VT-JZT,T3,B40,Departed,28/12/2024 01:31,28/12/2024 02:01,28/12/2024 05:31,28/12/2024 05:01,28/12/2024,1,288,235,81.84748587965875,2,42.20051200719665,21.100256003598325,9,5,55.56,55,3,158,30,CREW,Moderate,1,54.31,MEDIUM
LH-4891,Lufthansa,LH,DEL,FRA,Long-Haul Intl,B737,VT-MOI,T3,B16,Departed,03/11/2024 13:20,03/11/2024 14:20,03/11/2024 16:20,03/11/2024 16:20,03/11/2024,13,199,175,87.95477052443634,2,28.56975396128149,14.284876980640744,11,4,36.36,62,0,205,60,TECH,Moderate,1,32.39,LOW
EK-5817,Emirates,EK,DEL,FRA,Long-Haul Intl,B787,VT-LJN,T3,B13,Departed,12/10/2024 23:14,12/10/2024 23:14,13/10/2024 09:14,13/10/2024 01:14,12/10/2024,23,302,274,90.90697466515444,1,9.663185429641588,9.663185429641588,8,8,100,68,1,204,0,TURNAROUND,On-Time,0,21.14,LOW
LH-5897,Lufthansa,LH,DEL,LHR,Long-Haul Intl,B737,VT-TLA,T3,B23,Departed,09/10/2024 23:33,10/10/2024 00:03,10/10/2024 08:33,10/10/2024 03:03,09/10/2024,23,175,159,90.91969644,0,0,0,11,10,90.91,42,3,224,30,TURNAROUND,Moderate,1,44.03,MEDIUM
6E-8983,IndiGo,6E,DEL,BLR,Domestic,A350,VT-ROY,T3,B29,Departed,07/11/2024 19:48,07/11/2024 19:48,08/11/2024 03:48,08/11/2024 05:48,07/11/2024,19,203,173,85.31169156091049,1,31.84434720061338,31.84434720061338,8,8,100,83,2,233,0,CREW,On-Time,0,19.92,LOW
LH-2973,Lufthansa,LH,DEL,DOH,Long-Haul Intl,B737,VT-HCR,T3,B41,Departed,11/12/2024 01:14,11/12/2024 02:14,11/12/2024 07:14,11/12/2024 09:14,11/12/2024,1,256,261,102.26773331072404,3,56.745251265695394,18.915083755231798,6,6,100,51,0,154,60,ATC,Moderate,1,24.97,LOW
AF-3599,Air France,AF,DEL,BLR,Domestic,B787,VT-ZUN,T3,B41,Departed,11/12/2024 06:13,11/12/2024 06:13,11/12/2024 10:13,11/12/2024 13:13,11/12/2024,6,180,147,81.89429770053405,2,42.43581465566437,21.217907327832187,10,4,40,94,0,80,0,WX,On-Time,0,31.65,LOW
EK-9848,Emirates,EK,DEL,MAA,Domestic,A350,VT-HGZ,T3,B45,Departed,09/10/2024 05:10,09/10/2024 05:40,09/10/2024 08:10,09/10/2024 13:40,09/10/2024,5,190,153,80.94995077208391,4,75.11277071744287,18.778192679360718,7,7,100,79,0,126,30,TECH,Moderate,1,17.71,LOW
SG-4470,SpiceJet,SG,DEL,CDG,Long-Haul Intl,B737,VT-SOX,T3,B19,Departed,13/11/2024 12:55,13/11/2024 13:25,13/11/2024 22:55,13/11/2024 17:25,13/11/2024,12,324,329,101.81540627721196,2,53.95090674,26.97545337243705,11,10,90.91,66,3,73,30,WX,Moderate,1,49.35,MEDIUM
AF-1423,Air France,AF,DEL,CDG,Long-Haul Intl,A320,VT-QAG,T3,B41,Departed,25/10/2024 05:44,25/10/2024 08:14,25/10/2024 11:44,25/10/2024 16:14,25/10/2024,5,302,285,94.59257957322863,1,19.021177344965444,19.021177344965444,7,6,85.71,78,0,107,150,ATC,Moderate,1,23.36,LOW
LH-7158,Lufthansa,LH,DEL,JFK,Long-Haul Intl,A350,VT-GGP,T3,B29,Departed,05/11/2024 12:44,05/11/2024 12:44,05/11/2024 22:44,05/11/2024 17:44,05/11/2024,12,199,202,101.93350950070844,3,41.416384620097716,13.805461540032573,7,7,100,99,0,87,0,TECH,On-Time,0,14.26,LOW
UK-1586,Vistara,UK,DEL,AMS,Long-Haul Intl,B787,VT-RZA,T3,B18,Departed,16/10/2024 21:45,16/10/2024 21:45,16/10/2024 23:45,17/10/2024 02:45,16/10/2024,21,284,281,99.11500866,5,119.72603060627846,23.94520612125569,11,10,90.91,42,1,239,0,TECH,On-Time,0,29.33,LOW
AI-2637,Air India,AI,DEL,KUL,Long-Haul Intl,B787,VT-AOT,T3,B20,Departed,22/10/2024 21:36,22/10/2024 21:36,23/10/2024 02:36,22/10/2024 23:36,22/10/2024,21,173,153,89.01496093776478,1,18.94569617350241,18.94569617350241,8,8,100,77,0,226,0,ATC,On-Time,0,9.32,LOW
UK-2699,Vistara,UK,DEL,DOH,Long-Haul Intl,A350,VT-PFL,T3,B34,Departed,16/12/2024 20:07,16/12/2024 21:07,17/12/2024 01:07,17/12/2024 05:07,16/12/2024,20,187,190,101.75692941151962,3,69.11879569,23.039598563332234,10,9,90,35,3,148,60,WX,Moderate,1,53.61,MEDIUM
AF-5669,Air France,AF,DEL,SIN,Long-Haul Intl,A320,VT-JID,T3,B48,Departed,01/11/2024 05:11,01/11/2024 06:11,01/11/2024 15:11,01/11/2024 10:11,01/11/2024,5,336,336,100.16841062179194,5,99.84307406586663,19.968614813173325,6,6,100,85,0,74,60,WX,Moderate,1,20.34,LOW
EK-6895,Emirates,EK,DEL,HYD,Domestic,A320,VT-RLV,T3,B26,Departed,06/12/2024 07:11,06/12/2024 07:41,06/12/2024 14:11,06/12/2024 10:41,06/12/2024,7,198,178,90.00852438934525,1,18.438813218601915,18.438813218601915,9,8,88.89,58,3,22,30,CREW,Moderate,1,57.3,MEDIUM
EK-5236,Emirates,EK,DEL,CDG,Long-Haul Intl,B787,VT-QMU,T3,B44,Departed,09/11/2024 16:48,09/11/2024 16:48,10/11/2024 02:48,10/11/2024 00:48,09/11/2024,16,186,147,79.13495927391342,1,29.64776748913918,29.64776748913918,6,6,100,58,0,225,0,CREW,On-Time,0,16.06,LOW
AI-6797,Air India,AI,DEL,HYD,Domestic,A350,VT-JGW,T3,B31,Departed,31/10/2024 07:06,31/10/2024 07:06,31/10/2024 17:06,31/10/2024 10:06,31/10/2024,7,240,197,82.49661313989532,3,29.08174444436571,9.693914815,9,6,66.67,51,0,185,0,TURNAROUND,On-Time,0,30.48,LOW
AF-9624,Air France,AF,DEL,DOH,Long-Haul Intl,B787,VT-ZQO,T3,B36,Departed,23/12/2024 17:59,23/12/2024 18:59,23/12/2024 19:59,24/12/2024 00:59,23/12/2024,17,311,291,93.75425148187016,5,86.95441158440127,17.390882316880255,6,4,66.67,39,1,140,60,CREW,Moderate,1,45.44,MEDIUM
QR-1762,Qatar Airways,QR,DEL,LHR,Long-Haul Intl,B737,VT-HDE,T3,B28,Departed,10/12/2024 11:39,10/12/2024 11:39,10/12/2024 15:39,10/12/2024 16:39,10/12/2024,11,283,258,91.25007384,3,46.19569209157993,15.398564030526643,11,11,100,54,0,148,0,TURNAROUND,On-Time,0,24.46,LOW
QR-4287,Qatar Airways,QR,DEL,SIN,Long-Haul Intl,A320,VT-SCF,T3,B46,Departed,17/12/2024 13:34,17/12/2024 16:04,17/12/2024 22:34,18/12/2024 00:04,17/12/2024,13,208,183,88.01616688,3,75.13384557931488,25.04461519310496,10,5,50,55,0,121,150,TURNAROUND,Moderate,1,39.07,MEDIUM
BA-9704,British Airways,BA,DEL,CDG,Long-Haul Intl,B737,VT-YQV,T3,B46,Departed,22/12/2024 18:32,22/12/2024 18:32,23/12/2024 03:32,23/12/2024 00:32,22/12/2024,18,215,199,92.57513881778203,4,80.89589629590591,20.22397407397648,9,6,66.67,92,2,57,0,TURNAROUND,On-Time,0,41.1,MEDIUM
KL-2159,KLM,KL,DEL,CDG,Long-Haul Intl,A320,VT-JYD,T3,B8,Departed,16/11/2024 14:04,16/11/2024 14:04,16/11/2024 17:04,16/11/2024 22:04,16/11/2024,14,314,291,92.97056039174744,2,20.350276370329645,10.175138185164823,12,11,91.67,65,2,104,0,CREW,On-Time,0,40.03,MEDIUM
SG-9048,SpiceJet,SG,DEL,JFK,Long-Haul Intl,A320,VT-PFE,T3,B35,Departed,03/11/2024 21:24,03/11/2024 21:24,04/11/2024 00:24,03/11/2024 23:24,03/11/2024,21,251,245,97.82330474,3,58.32418977911643,19.44139659303881,8,8,100,45,0,176,0,ATC,On-Time,0,25.07,LOW
KL-2673,KLM,KL,DEL,DOH,Long-Haul Intl,A350,VT-NQS,T3,B41,Departed,14/10/2024 22:40,14/10/2024 23:40,15/10/2024 02:40,15/10/2024 08:40,14/10/2024,22,247,220,89.18575793255405,5,74.42232717268297,14.884465434536594,6,6,100,86,3,152,60,TURNAROUND,Moderate,1,32.9,LOW
LH-9049,Lufthansa,LH,DEL,MAA,Domestic,B787,VT-NDS,T3,B43,Departed,16/12/2024 18:36,16/12/2024 18:36,16/12/2024 22:36,16/12/2024 23:36,16/12/2024,18,250,223,89.54865058653446,2,38.58993991573962,19.29496995786981,6,6,100,49,0,221,0,TECH,On-Time,0,19.58,LOW
KL-4828,KLM,KL,DEL,SIN,Long-Haul Intl,B787,VT-IKV,T3,B28,Departed,14/12/2024 03:29,14/12/2024 03:29,14/12/2024 05:29,14/12/2024 06:29,14/12/2024,3,216,181,84.19592068913533,2,33.492723244773195,16.746361622386598,9,8,88.89,41,0,111,0,ATC,On-Time,0,35.15,MEDIUM
SQ-8555,Singapore Airlines,SQ,DEL,FRA,Long-Haul Intl,B737,VT-VDO,T3,B1,Departed,13/10/2024 21:32,13/10/2024 22:02,14/10/2024 00:32,14/10/2024 06:02,13/10/2024,21,308,263,85.39019628746514,2,46.058647609472715,23.029323804736357,8,8,100,62,2,40,30,TURNAROUND,Moderate,1,44.82,MEDIUM
QR-5242,Qatar Airways,QR,DEL,BLR,Domestic,B787,VT-TXX,T3,B31,Departed,10/11/2024 02:44,10/11/2024 03:44,10/11/2024 09:44,10/11/2024 06:44,10/11/2024,2,208,171,82.35277630206936,1,11.48202216057198,11.48202216057198,8,8,100,85,1,218,60,CREW,Moderate,1,13.92,LOW
BA-7601,British Airways,BA,DEL,JFK,Long-Haul Intl,B787,VT-BGL,T3,B17,Departed,12/12/2024 09:57,12/12/2024 10:27,12/12/2024 17:57,12/12/2024 19:27,12/12/2024,9,212,156,73.87373060802616,7,126.84294272164766,18.12042038880681,11,10,90.91,92,1,214,30,CREW,Moderate,1,14.1,LOW
LH-2541,Lufthansa,LH,DEL,JFK,Long-Haul Intl,B737,VT-QLA,T3,B46,Departed,30/10/2024 08:07,30/10/2024 08:07,30/10/2024 13:07,30/10/2024 10:07,30/10/2024,8,301,279,92.90261713562988,5,107.54490469611251,21.508980939222504,12,5,41.67,39,0,128,0,TURNAROUND,On-Time,0,46.11,MEDIUM
SQ-4622,Singapore Airlines,SQ,DEL,LHR,Long-Haul Intl,A320,VT-OHU,T3,B12,Departed,30/11/2024 23:31,01/12/2024 00:01,01/12/2024 02:31,01/12/2024 03:01,30/11/2024,23,227,223,98.30818340544654,5,104.16631991219573,20.833263982439146,11,10,90.91,39,1,66,30,ATC,Moderate,1,46.11,MEDIUM
BA-5247,British Airways,BA,DEL,FRA,Long-Haul Intl,A350,VT-FRY,T3,B40,Departed,08/12/2024 00:13,08/12/2024 00:13,08/12/2024 04:13,08/12/2024 05:13,08/12/2024,0,329,267,81.37126361795875,4,57.41728664210943,14.354321660527358,11,10,90.91,42,1,103,0,TURNAROUND,On-Time,0,41.69,MEDIUM
UK-6943,Vistara,UK,DEL,CDG,Long-Haul Intl,B787,VT-VKM,T3,B31,Departed,15/10/2024 11:07,15/10/2024 11:07,15/10/2024 15:07,15/10/2024 21:07,15/10/2024,11,223,229,102.83264495190129,5,74.35875714,14.87175143,11,4,36.36,98,0,102,0,CREW,On-Time,0,29.16,LOW
QR-7707,Qatar Airways,QR,DEL,DOH,Long-Haul Intl,A350,VT-OTT,T3,B46,Departed,31/10/2024 13:13,31/10/2024 14:13,31/10/2024 16:13,31/10/2024 18:13,31/10/2024,13,252,229,91.15911834314332,2,43.34781587028027,21.673907935140136,11,10,90.91,44,0,54,60,TECH,Moderate,1,38.78,MEDIUM
KL-339,KLM,KL,DEL,SIN,Long-Haul Intl,B787,VT-WRT,T3,B27,Departed,06/11/2024 13:07,06/11/2024 13:07,06/11/2024 21:07,06/11/2024 23:07,06/11/2024,13,199,170,85.73660706,1,11.00992135613228,11.00992135613228,11,8,72.73,72,0,215,0,TURNAROUND,On-Time,0,18.89,LOW
6E-3212,IndiGo,6E,DEL,AMS,Long-Haul Intl,A320,VT-HAU,T3,B32,Departed,28/12/2024 06:58,28/12/2024 07:58,28/12/2024 13:58,28/12/2024 14:58,28/12/2024,6,329,284,86.41372396678422,3,46.31560786732154,15.438535955773846,10,6,60,42,0,88,60,WX,Moderate,1,44.12,MEDIUM
LH-692,Lufthansa,LH,DEL,CCU,Domestic,B787,VT-VLX,T3,B1,Departed,12/12/2024 23:39,13/12/2024 02:09,13/12/2024 07:39,13/12/2024 06:09,12/12/2024,23,235,172,73.58822778,4,81.07649671925404,20.26912417981351,8,6,75,59,0,148,150,WX,Moderate,1,28.96,LOW
QR-9282,Qatar Airways,QR,DEL,HYD,Domestic,A320,VT-OYJ,T3,B11,Departed,23/12/2024 09:59,23/12/2024 10:29,23/12/2024 11:59,23/12/2024 13:29,23/12/2024,9,242,192,79.62900272456838,4,75.25428659550005,18.813571648875012,11,7,63.64,100,0,215,30,TECH,Moderate,1,11.36,LOW
SQ-9915,Singapore Airlines,SQ,DEL,LHR,Long-Haul Intl,A350,VT-CIT,T3,B30,Departed,15/10/2024 13:49,15/10/2024 14:49,15/10/2024 16:49,16/10/2024 00:49,15/10/2024,13,210,182,86.86434910709463,3,79.80280799898438,26.60093599966146,8,5,62.5,84,0,159,60,TECH,Moderate,1,22.34,LOW
SQ-1127,Singapore Airlines,SQ,DEL,DXB,Long-Haul Intl,B787,VT-CBS,T3,B12,Departed,26/12/2024 21:50,26/12/2024 21:50,27/12/2024 02:50,27/12/2024 07:50,26/12/2024,21,203,177,87.46869431273336,2,23.890337000329293,11.945168500164646,8,5,62.5,83,0,207,0,CREW,On-Time,0,18.32,LOW
QR-8695,Qatar Airways,QR,DEL,LHR,Long-Haul Intl,B737,VT-BWR,T3,B20,Departed,15/11/2024 21:26,15/11/2024 21:26,16/11/2024 01:26,16/11/2024 02:26,15/11/2024,21,297,268,90.31486101,4,98.78157507364436,24.69539376841109,7,4,57.14,70,1,46,0,TECH,On-Time,0,45.52,MEDIUM
IX-5707,Air India Express,IX,DEL,BOM,Domestic,B787,VT-MXK,T3,B19,Departed,10/12/2024 02:37,10/12/2024 02:37,10/12/2024 11:37,10/12/2024 04:37,10/12/2024,2,327,276,84.61331733614516,5,102.3363034484809,20.467260689696182,10,8,80,75,1,75,0,CREW,On-Time,0,35.42,MEDIUM
AF-7517,Air France,AF,DEL,DXB,Long-Haul Intl,B787,VT-XMS,T3,B35,Departed,11/12/2024 21:06,11/12/2024 21:06,12/12/2024 03:06,12/12/2024 02:06,11/12/2024,21,289,207,71.82171234780924,4,90.26834206041272,22.56708551510318,11,7,63.64,96,1,42,0,ATC,On-Time,0,35.16,MEDIUM
IX-4294,Air India Express,IX,DEL,JFK,Long-Haul Intl,B737,VT-FIQ,T3,B9,Departed,29/10/2024 10:16,29/10/2024 10:16,29/10/2024 17:16,29/10/2024 20:16,29/10/2024,10,202,177,87.93835194232192,3,53.90868413083195,17.969561376943982,6,5,83.33,44,0,172,0,TURNAROUND,On-Time,0,29.95,LOW
SG-7608,SpiceJet,SG,DEL,KUL,Long-Haul Intl,A350,VT-IWH,T3,B25,Departed,22/12/2024 15:18,22/12/2024 15:18,23/12/2024 00:18,22/12/2024 18:18,22/12/2024,15,203,192,94.94854329713284,0,0,0,9,6,66.67,55,3,40,0,TECH,On-Time,0,62.26,HIGH
6E-6460,IndiGo,6E,DEL,DXB,Long-Haul Intl,A320,VT-HSE,T3,B33,Departed,06/10/2024 00:39,06/10/2024 00:39,06/10/2024 07:39,06/10/2024 04:39,06/10/2024,0,164,146,89.05243033949944,1,15.426063904451532,15.426063904451532,12,10,83.33,70,0,80,0,TURNAROUND,On-Time,0,29.21,LOW
KL-3003,KLM,KL,DEL,KUL,Long-Haul Intl,A350,VT-AIQ,T3,B18,Departed,27/10/2024 07:36,27/10/2024 07:36,27/10/2024 17:36,27/10/2024 16:36,27/10/2024,7,281,209,74.44085720429771,1,29.97747703226304,29.97747703226304,6,6,100,46,1,82,0,WX,On-Time,0,39.93,MEDIUM
LH-4094,Lufthansa,LH,DEL,DXB,Long-Haul Intl,A350,VT-VXT,T3,B45,Departed,21/11/2024 19:58,21/11/2024 19:58,22/11/2024 05:58,22/11/2024 01:58,21/11/2024,19,186,171,92.2116173,1,18.007558167720568,18.007558167720568,10,7,70,36,0,141,0,CREW,On-Time,0,38.9,MEDIUM
SQ-5271,Singapore Airlines,SQ,DEL,JFK,Long-Haul Intl,B787,VT-NTZ,T3,B7,Departed,27/11/2024 10:44,27/11/2024 10:44,27/11/2024 12:44,27/11/2024 19:44,27/11/2024,10,210,206,98.48080352083674,3,45.79795742600915,15.265985808669717,9,8,88.89,47,0,71,0,TECH,On-Time,0,36.69,MEDIUM
SQ-1775,Singapore Airlines,SQ,DEL,AMS,Long-Haul Intl,B787,VT-PWH,T3,B42,Departed,16/10/2024 17:36,16/10/2024 17:36,17/10/2024 03:36,17/10/2024 03:36,16/10/2024,17,226,176,78.22547220915386,4,93.62281717,23.40570429297125,10,8,80,87,2,107,0,ATC,On-Time,0,34.97,LOW
KL-1013,KLM,KL,DEL,DXB,Long-Haul Intl,B787,VT-WNL,T3,B21,Departed,11/12/2024 02:18,11/12/2024 02:48,11/12/2024 12:18,11/12/2024 06:48,11/12/2024,2,189,175,93.05226119082062,3,51.07277572,17.024258571890133,8,8,100,66,1,172,30,ATC,Moderate,1,24.75,LOW
QR-2567,Qatar Airways,QR,DEL,DXB,Long-Haul Intl,A350,VT-ISB,T3,B6,Departed,06/10/2024 00:13,06/10/2024 00:13,06/10/2024 06:13,06/10/2024 04:13,06/10/2024,0,175,169,96.75805868383732,3,62.82512073096988,20.941706910323294,9,9,100,50,0,74,0,TECH,On-Time,0,32.59,LOW
LH-5230,Lufthansa,LH,DEL,FRA,Long-Haul Intl,A350,VT-YBA,T3,B33,Departed,22/12/2024 14:42,22/12/2024 14:42,22/12/2024 21:42,22/12/2024 16:42,22/12/2024,14,287,257,89.61705502451316,4,49.24415384786223,12.311038461965557,8,5,62.5,66,1,65,0,TECH,On-Time,0,43.85,MEDIUM
6E-8601,IndiGo,6E,DEL,LHR,Long-Haul Intl,B787,VT-UBE,T3,B15,Departed,03/12/2024 20:59,03/12/2024 20:59,04/12/2024 02:59,04/12/2024 03:59,03/12/2024,20,272,246,90.48722072208216,1,29.537464216796742,29.537464216796742,6,6,100,66,0,51,0,ATC,On-Time,0,29.08,LOW
SQ-1356,Singapore Airlines,SQ,DEL,JFK,Long-Haul Intl,A350,VT-SJP,T3,B36,Departed,25/10/2024 06:54,25/10/2024 07:24,25/10/2024 13:54,25/10/2024 17:24,25/10/2024,6,339,293,86.52711116555828,5,112.20480967738663,22.440961935477326,6,6,100,45,0,74,30,TECH,Moderate,1,34.34,LOW
IX-5834,Air India Express,IX,DEL,JFK,Long-Haul Intl,A350,VT-HBG,T3,B24,Departed,22/12/2024 22:38,22/12/2024 22:38,23/12/2024 02:38,23/12/2024 02:38,22/12/2024,22,228,198,86.95431365434216,4,90.71813618310186,22.679534045775466,9,7,77.78,44,3,115,0,ATC,On-Time,0,56.52,MEDIUM
LH-2094,Lufthansa,LH,DEL,SIN,Long-Haul Intl,A320,VT-JKA,T3,B25,Departed,10/11/2024 09:22,10/11/2024 09:22,10/11/2024 12:22,10/11/2024 13:22,10/11/2024,9,221,220,99.57194585528404,0,0,0,9,9,100,49,0,152,0,TURNAROUND,On-Time,0,25.85,LOW
AI-3092,Air India,AI,DEL,DXB,Long-Haul Intl,B787,VT-OIK,T3,B9,Departed,30/11/2024 16:59,30/11/2024 16:59,30/11/2024 20:59,30/11/2024 22:59,30/11/2024,16,193,175,91.13646149619215,3,54.036435200963695,18.012145066987898,11,11,100,51,1,55,0,ATC,On-Time,0,40.63,MEDIUM
SQ-9451,Singapore Airlines,SQ,DEL,CCU,Domestic,A350,VT-SYL,T3,B29,Departed,06/10/2024 11:09,06/10/2024 11:09,06/10/2024 19:09,06/10/2024 21:09,06/10/2024,11,232,203,87.70998223866812,1,5.655034586154035,5.655034586154035,10,4,40,74,0,129,0,WX,On-Time,0,34.19,LOW
EK-4652,Emirates,EK,DEL,JFK,Long-Haul Intl,B787,VT-DSL,T3,B9,Departed,19/11/2024 02:32,19/11/2024 02:32,19/11/2024 11:32,19/11/2024 10:32,19/11/2024,2,184,170,92.43839500638084,3,55.22925549581593,18.409751831938642,11,11,100,52,1,196,0,TURNAROUND,On-Time,0,27.47,LOW
BA-9094,British Airways,BA,DEL,LHR,Long-Haul Intl,A350,VT-EZR,T3,B4,Departed,12/10/2024 22:10,12/10/2024 22:10,13/10/2024 01:10,13/10/2024 07:10,12/10/2024,22,310,251,80.98993889712615,2,24.91600471240193,12.458002356200964,10,10,100,89,0,125,0,WX,On-Time,0,14.3,LOW
6E-8596,IndiGo,6E,DEL,FRA,Long-Haul Intl,A320,VT-RYP,T3,B5,Departed,22/10/2024 22:26,22/10/2024 22:26,23/10/2024 03:26,23/10/2024 08:26,22/10/2024,22,193,185,96.35948115170318,2,33.802976723427044,16.901488361713522,11,4,36.36,59,0,77,0,TECH,On-Time,0,45.08,MEDIUM
KL-902,KLM,KL,DEL,SIN,Long-Haul Intl,B737,VT-UBZ,T3,B34,Departed,07/12/2024 13:46,07/12/2024 13:46,07/12/2024 18:46,07/12/2024 16:46,07/12/2024,13,202,178,88.15017274,3,55.18710372071992,18.395701240239973,8,5,62.5,93,3,58,0,ATC,On-Time,0,48.37,MEDIUM
6E-3118,IndiGo,6E,DEL,DXB,Long-Haul Intl,A320,VT-HZE,T3,B5,Departed,01/10/2024 02:38,01/10/2024 03:38,01/10/2024 10:38,01/10/2024 07:38,01/10/2024,2,170,157,92.80192439325388,6,82.73327439093391,13.788879065155653,9,6,66.67,56,0,99,60,WX,Moderate,1,36.55,MEDIUM
EK-5005,Emirates,EK,DEL,MAA,Domestic,A320,VT-BNS,T3,B8,Departed,19/10/2024 05:35,19/10/2024 05:35,19/10/2024 15:35,19/10/2024 08:35,19/10/2024,5,322,262,81.46983393422593,2,17.321265986835897,8.660632993417948,6,4,66.67,64,3,116,0,TURNAROUND,On-Time,0,52.21,MEDIUM
6E-6717,IndiGo,6E,DEL,DOH,Long-Haul Intl,B787,VT-URL,T3,B9,Departed,13/10/2024 12:20,13/10/2024 12:20,13/10/2024 17:20,13/10/2024 20:20,13/10/2024,12,161,136,84.91385370707295,1,7.783535818996484,7.783535818996484,10,10,100,78,3,132,0,ATC,On-Time,0,37.52,MEDIUM
QR-6261,Qatar Airways,QR,DEL,FRA,Long-Haul Intl,A350,VT-ARC,T3,B25,Departed,06/11/2024 10:13,06/11/2024 10:13,06/11/2024 19:13,06/11/2024 13:13,06/11/2024,10,162,130,80.82829167536143,1,16.64557562799213,16.64557562799213,10,10,100,66,1,232,0,WX,On-Time,0,19.29,LOW
AI-9539,Air India,AI,DEL,SIN,Long-Haul Intl,A350,VT-KWQ,T3,B23,Departed,06/12/2024 06:38,06/12/2024 06:38,06/12/2024 09:38,06/12/2024 08:38,06/12/2024,6,216,152,70.46869373285264,1,18.97146399127405,18.97146399127405,6,5,83.33,85,1,80,0,ATC,On-Time,0,30.63,LOW
IX-2086,Air India Express,IX,DEL,DOH,Long-Haul Intl,B787,VT-ETH,T3,B23,Departed,10/10/2024 15:13,10/10/2024 16:13,10/10/2024 21:13,11/10/2024 00:13,10/10/2024,15,224,200,89.29568943457684,3,55.31189465685604,18.437298218952012,11,11,100,80,0,156,60,CREW,Moderate,1,14.64,LOW
SQ-6679,Singapore Airlines,SQ,DEL,JFK,Long-Haul Intl,A350,VT-QNP,T3,B38,Departed,09/10/2024 09:54,09/10/2024 10:24,09/10/2024 14:54,09/10/2024 19:24,09/10/2024,9,234,177,75.98031408069869,4,81.49628933092814,20.374072332732034,10,10,100,55,1,25,30,TECH,Moderate,1,41.96,MEDIUM
AF-5872,Air France,AF,DEL,KUL,Long-Haul Intl,A320,VT-ATZ,T3,B44,Departed,28/11/2024 10:37,28/11/2024 10:37,28/11/2024 17:37,28/11/2024 15:37,28/11/2024,10,292,243,83.38583529550311,4,77.00836560210539,19.252091400526346,12,12,100,66,1,128,0,TECH,On-Time,0,28.75,LOW
IX-5268,Air India Express,IX,DEL,SIN,Long-Haul Intl,B787,VT-MNH,T3,B28,Departed,28/11/2024 17:26,28/11/2024 19:56,28/11/2024 20:26,29/11/2024 01:56,28/11/2024,17,298,235,79.00258961082224,3,46.22221104332845,15.407403681109484,8,8,100,73,0,54,150,TURNAROUND,Moderate,1,26.36,LOW
SG-2768,SpiceJet,SG,DEL,BLR,Domestic,A320,VT-VEA,T3,B39,Departed,16/12/2024 03:04,16/12/2024 03:34,16/12/2024 12:04,16/12/2024 06:34,16/12/2024,3,298,272,91.54438298623508,3,62.80062825471036,20.93354275157012,9,9,100,46,1,58,30,TURNAROUND,Moderate,1,42.11,MEDIUM
SQ-2456,Singapore Airlines,SQ,DEL,DXB,Long-Haul Intl,A350,VT-PVF,T3,B5,Departed,01/12/2024 12:54,01/12/2024 13:24,01/12/2024 17:54,01/12/2024 22:24,01/12/2024,12,265,222,84.04272845247837,4,59.216819534460654,14.804204883615164,6,6,100,81,0,169,30,TECH,Moderate,1,13.1,LOW
LH-2807,Lufthansa,LH,DEL,HYD,Domestic,B737,VT-ZDQ,T3,B7,Departed,04/10/2024 08:13,04/10/2024 08:43,04/10/2024 18:13,04/10/2024 13:43,04/10/2024,8,249,237,95.25635432282498,1,30.60708798116264,30.60708798116264,9,5,55.56,52,0,188,30,TURNAROUND,Moderate,1,32.64,LOW
AF-4600,Air France,AF,DEL,MAA,Domestic,A320,VT-BFQ,T3,B49,Departed,19/10/2024 09:30,19/10/2024 09:30,19/10/2024 19:30,19/10/2024 16:30,19/10/2024,9,245,198,80.89398323685818,1,15.792127167785695,15.792127167785695,12,10,83.33,55,1,137,0,TURNAROUND,On-Time,0,35.95,MEDIUM
QR-9572,Qatar Airways,QR,DEL,SIN,Long-Haul Intl,B737,VT-XYY,T3,B43,Departed,06/11/2024 21:39,06/11/2024 21:39,07/11/2024 03:39,07/11/2024 03:39,06/11/2024,21,274,280,102.45491649031358,5,108.28928315935322,21.657856631870644,10,8,80,47,3,24,0,TECH,On-Time,0,63.19,HIGH
QR-2112,Qatar Airways,QR,DEL,JFK,Long-Haul Intl,B787,VT-KCK,T3,B15,Departed,05/12/2024 08:47,05/12/2024 09:17,05/12/2024 11:47,05/12/2024 11:17,05/12/2024,8,288,288,100.15969524872112,1,7.103266464526433,7.103266464526433,10,9,90,55,0,189,30,TECH,Moderate,1,22.89,LOW
EK-7086,Emirates,EK,DEL,SIN,Long-Haul Intl,A350,VT-IYQ,T3,B10,Departed,23/10/2024 01:06,23/10/2024 01:06,23/10/2024 04:06,23/10/2024 10:06,23/10/2024,1,166,128,77.39294318,1,26.211686667877736,26.211686667877736,12,5,41.67,42,2,106,0,TURNAROUND,On-Time,0,60.4,HIGH
SQ-6017,Singapore Airlines,SQ,DEL,JFK,Long-Haul Intl,A350,VT-MLA,T3,B32,Departed,14/10/2024 11:10,14/10/2024 11:10,14/10/2024 14:10,14/10/2024 17:10,14/10/2024,11,225,204,90.75445626825672,1,21.87573371636724,21.87573371636724,6,6,100,80,0,228,0,TURNAROUND,On-Time,0,8.09,LOW
BA-734,British Airways,BA,DEL,FRA,Long-Haul Intl,B787,VT-GIB,T3,B18,Departed,28/12/2024 00:41,28/12/2024 00:41,28/12/2024 05:41,28/12/2024 10:41,28/12/2024,0,325,309,95.21735219856356,6,60.871183037602535,10.145197172933756,8,7,87.5,41,1,95,0,TURNAROUND,On-Time,0,43.62,MEDIUM
SQ-7751,Singapore Airlines,SQ,DEL,JFK,Long-Haul Intl,B787,VT-WTJ,T3,B21,Departed,13/12/2024 14:32,13/12/2024 14:32,14/12/2024 00:32,13/12/2024 18:32,13/12/2024,14,285,238,83.59366696764533,2,31.965148033124855,15.982574016562427,7,7,100,57,1,234,0,ATC,On-Time,0,22.26,LOW
LH-3161,Lufthansa,LH,DEL,FRA,Long-Haul Intl,A350,VT-ZNF,T3,B24,Departed,13/12/2024 13:08,13/12/2024 13:08,13/12/2024 21:08,13/12/2024 17:08,13/12/2024,13,164,136,83.31201076250902,3,60.76922703738148,20.25640901246049,6,6,100,56,0,227,0,TURNAROUND,On-Time,0,16.58,LOW
UK-2242,Vistara,UK,DEL,DXB,Long-Haul Intl,B737,VT-AMY,T3,B11,Departed,04/11/2024 08:56,04/11/2024 08:56,04/11/2024 11:56,04/11/2024 13:56,04/11/2024,8,202,195,96.66161966756424,3,46.74408464278888,15.581361547596293,7,5,71.43,56,0,214,0,CREW,On-Time,0,24.91,LOW
SG-2665,SpiceJet,SG,DEL,CDG,Long-Haul Intl,B737,VT-CQA,T3,B39,Departed,28/10/2024 04:14,28/10/2024 04:44,28/10/2024 06:14,28/10/2024 06:44,28/10/2024,4,241,208,86.52840183820393,2,52.02718046437914,26.01359023218957,12,4,33.33,63,1,177,30,TURNAROUND,Moderate,1,42.01,MEDIUM
UK-9781,Vistara,UK,DEL,AMS,Long-Haul Intl,B787,VT-XAA,T3,B11,Departed,28/12/2024 00:08,28/12/2024 00:08,28/12/2024 08:08,28/12/2024 02:08,28/12/2024,0,165,153,92.75190189216282,1,6.770522580666951,6.770522580666951,11,8,72.73,47,1,76,0,TECH,On-Time,0,46.94,MEDIUM
AF-623,Air France,AF,DEL,JFK,Long-Haul Intl,B737,VT-OHL,T3,B18,Departed,23/10/2024 17:36,23/10/2024 17:36,23/10/2024 22:36,23/10/2024 23:36,23/10/2024,17,206,200,97.55098715,1,27.90503957362001,27.90503957362001,7,7,100,36,0,146,0,WX,On-Time,0,30.95,LOW
EK-2087,Emirates,EK,DEL,AMS,Long-Haul Intl,A350,VT-DIH,T3,B33,Departed,27/12/2024 19:02,27/12/2024 19:32,28/12/2024 01:02,28/12/2024 00:32,27/12/2024,19,239,217,91.16470708,2,56.95519270939464,28.47759635469732,8,8,100,63,0,233,30,ATC,Moderate,1,13.59,LOW
LH-1878,Lufthansa,LH,DEL,FRA,Long-Haul Intl,A350,VT-YXJ,T3,B10,Departed,29/12/2024 06:45,29/12/2024 06:45,29/12/2024 14:45,29/12/2024 11:45,29/12/2024,6,254,201,79.20131336673418,5,100.21500794350368,20.043001588700736,11,10,90.91,86,1,220,0,TURNAROUND,On-Time,0,15.66,LOW
EK-892,Emirates,EK,DEL,JFK,Long-Haul Intl,A350,VT-DES,T3,B14,Departed,12/11/2024 06:29,12/11/2024 06:29,12/11/2024 14:29,12/11/2024 13:29,12/11/2024,6,266,257,96.98356132,3,67.26552407667626,22.421841358892085,7,7,100,61,2,48,0,CREW,On-Time,0,44.44,MEDIUM
6E-1311,IndiGo,6E,DEL,DXB,Long-Haul Intl,A320,VT-SZI,T3,B4,Departed,10/11/2024 02:57,10/11/2024 03:57,10/11/2024 09:57,10/11/2024 06:57,10/11/2024,2,175,164,93.72066309073314,1,11.48351875912352,11.48351875912352,12,9,75,84,3,184,60,CREW,Moderate,1,36.94,MEDIUM
KL-1215,KLM,KL,DEL,MAA,Domestic,B737,VT-JTK,T3,B14,Departed,18/11/2024 08:32,18/11/2024 09:02,18/11/2024 18:32,18/11/2024 14:02,18/11/2024,8,208,143,68.75313075539368,0,0,0,11,8,72.73,57,1,106,30,ATC,Moderate,1,40.72,MEDIUM
UK-3968,Vistara,UK,DEL,BLR,Domestic,B787,VT-KKD,T3,B50,Departed,03/12/2024 08:40,03/12/2024 08:40,03/12/2024 10:40,03/12/2024 17:40,03/12/2024,8,273,257,94.37135037358787,1,24.657312980974247,24.657312980974247,12,12,100,78,0,160,0,CREW,On-Time,0,14.97,LOW
IX-1384,Air India Express,IX,DEL,LHR,Long-Haul Intl,A350,VT-QYV,T3,B21,Departed,17/12/2024 07:40,17/12/2024 08:10,17/12/2024 14:40,17/12/2024 17:10,17/12/2024,7,180,142,78.95943361294727,0,0,0,7,7,100,56,0,179,30,TURNAROUND,Moderate,1,20.95,LOW
UK-3465,Vistara,UK,DEL,DOH,Long-Haul Intl,B737,VT-FYH,T3,B7,Departed,30/10/2024 11:41,30/10/2024 12:11,30/10/2024 17:41,30/10/2024 16:11,30/10/2024,11,254,203,80.24685244297083,7,142.23392489823783,20.31913212831969,12,11,91.67,77,3,65,30,CREW,Moderate,1,46.04,MEDIUM
SQ-7291,Singapore Airlines,SQ,DEL,SIN,Long-Haul Intl,B787,VT-PFK,T3,B23,Departed,22/10/2024 07:36,22/10/2024 07:36,22/10/2024 15:36,22/10/2024 15:36,22/10/2024,7,280,179,63.93459417514118,3,66.84317060782186,22.281056869273954,8,5,62.5,71,0,135,0,WX,On-Time,0,29.07,LOW
EK-9680,Emirates,EK,DEL,AMS,Long-Haul Intl,B787,VT-GWB,T3,B49,Departed,10/11/2024 12:46,10/11/2024 12:46,10/11/2024 16:46,10/11/2024 19:46,10/11/2024,12,179,156,87.64120917478823,0,0,0,7,7,100,95,2,131,0,TURNAROUND,On-Time,0,24.99,LOW
QR-718,Qatar Airways,QR,DEL,DOH,Long-Haul Intl,A350,VT-VGH,T3,B34,Departed,18/11/2024 22:16,18/11/2024 22:46,19/11/2024 06:16,19/11/2024 07:46,18/11/2024,22,292,233,79.92910039438618,0,0,0,7,7,100,90,0,170,30,TECH,Moderate,1,9.86,LOW
KL-9935,KLM,KL,DEL,JFK,Long-Haul Intl,A350,VT-NEV,T3,B10,Departed,21/11/2024 09:52,21/11/2024 09:52,21/11/2024 15:52,21/11/2024 13:52,21/11/2024,9,239,187,78.53895985144042,4,83.08082863,20.77020715726495,7,7,100,37,1,64,0,ATC,On-Time,0,44.72,MEDIUM
LH-2961,Lufthansa,LH,DEL,BLR,Domestic,B787,VT-BMB,T3,B6,Departed,08/11/2024 01:16,08/11/2024 01:16,08/11/2024 07:16,08/11/2024 10:16,08/11/2024,1,302,258,85.63500120431789,2,47.17781763696529,23.588908818482643,6,4,66.67,97,0,164,0,TURNAROUND,On-Time,0,16.29,LOW
LH-3749,Lufthansa,LH,DEL,CCU,Domestic,B787,VT-BHC,T3,B23,Departed,11/11/2024 16:28,11/11/2024 16:28,12/11/2024 00:28,12/11/2024 02:28,11/11/2024,16,311,316,101.66847806595857,4,83.47084316,20.86771079,6,6,100,53,1,123,0,WX,On-Time,0,33.75,LOW
IX-2417,Air India Express,IX,DEL,FRA,Long-Haul Intl,B787,VT-KYP,T3,B5,Departed,02/12/2024 09:32,02/12/2024 10:32,02/12/2024 11:32,02/12/2024 15:32,02/12/2024,9,316,293,92.95781741741024,0,0,0,6,5,83.33,57,3,104,60,ATC,Moderate,1,51.58,MEDIUM
UK-4661,Vistara,UK,DEL,BLR,Domestic,A320,VT-RQM,T3,B21,Departed,29/10/2024 14:25,29/10/2024 14:25,29/10/2024 21:25,29/10/2024 18:25,29/10/2024,14,281,235,83.90362963840036,4,70.94339578184133,17.735848945460333,8,8,100,63,0,213,0,ATC,On-Time,0,15.4,LOW
KL-1711,KLM,KL,DEL,HYD,Domestic,B737,VT-ERG,T3,B28,Departed,26/10/2024 05:22,26/10/2024 05:22,26/10/2024 08:22,26/10/2024 13:22,26/10/2024,5,209,202,96.94508239935703,2,15.445021227982394,7.722510613991197,11,4,36.36,64,1,153,0,TURNAROUND,On-Time,0,43.09,MEDIUM
QR-8616,Qatar Airways,QR,DEL,AMS,Long-Haul Intl,A320,VT-MCL,T3,B37,Departed,02/10/2024 02:17,02/10/2024 02:47,02/10/2024 07:17,02/10/2024 06:47,02/10/2024,2,270,239,88.76836769580933,2,36.29438015,18.14719007405755,12,6,50,73,0,127,30,CREW,Moderate,1,32.22,LOW
SQ-9437,Singapore Airlines,SQ,DEL,BOM,Domestic,B737,VT-JAE,T3,B43,Departed,01/12/2024 14:52,01/12/2024 14:52,02/12/2024 00:52,02/12/2024 00:52,01/12/2024,14,332,272,82.13056748119624,1,10.367879009032336,10.367879009032336,10,8,80,59,1,37,0,WX,On-Time,0,44.47,MEDIUM
IX-1723,Air India Express,IX,DEL,AMS,Long-Haul Intl,A320,VT-JDG,T3,B9,Departed,22/10/2024 12:16,22/10/2024 12:16,22/10/2024 20:16,22/10/2024 21:16,22/10/2024,12,257,229,89.40950323930646,1,30.153575593233548,30.153575593233548,7,7,100,42,1,113,0,TURNAROUND,On-Time,0,38.51,MEDIUM
BA-7324,British Airways,BA,DEL,FRA,Long-Haul Intl,A350,VT-RYW,T3,B49,Departed,11/12/2024 18:48,11/12/2024 18:48,11/12/2024 23:48,12/12/2024 00:48,11/12/2024,18,281,240,85.47938263723321,2,38.42772430677512,19.21386215338756,12,6,50,92,1,169,0,ATC,On-Time,0,28.42,LOW
AF-6272,Air France,AF,DEL,DOH,Long-Haul Intl,B737,VT-IZN,T3,B37,Departed,27/12/2024 16:16,27/12/2024 16:16,27/12/2024 22:16,27/12/2024 19:16,27/12/2024,16,226,200,88.74536490895572,0,0,0,7,7,100,50,3,52,0,CREW,On-Time,0,54.59,MEDIUM
BA-2741,British Airways,BA,DEL,SIN,Long-Haul Intl,A320,VT-BSN,T3,B31,Departed,26/10/2024 11:39,26/10/2024 12:39,26/10/2024 13:39,26/10/2024 15:39,26/10/2024,11,244,159,65.43270047654167,2,36.62276761648408,18.31138380824204,8,8,100,35,0,177,60,WX,Moderate,1,28.48,LOW
BA-3764,British Airways,BA,DEL,KUL,Long-Haul Intl,B737,VT-SZK,T3,B24,Departed,19/10/2024 18:59,19/10/2024 18:59,20/10/2024 02:59,19/10/2024 23:59,19/10/2024,18,220,216,98.47392927487812,1,25.81794162715132,25.81794162715132,7,7,100,39,0,228,0,WX,On-Time,0,22.44,LOW
SG-687,SpiceJet,SG,DEL,DXB,Long-Haul Intl,B737,VT-TKH,T3,B11,Departed,05/10/2024 11:21,05/10/2024 11:21,05/10/2024 17:21,05/10/2024 14:21,05/10/2024,11,295,269,91.49032130251614,0,0,0,6,4,66.67,37,0,145,0,WX,On-Time,0,39.02,MEDIUM
LH-8778,Lufthansa,LH,DEL,CCU,Domestic,A320,VT-OJX,T3,B28,Departed,17/10/2024 02:20,17/10/2024 02:50,17/10/2024 07:20,17/10/2024 07:50,17/10/2024,2,220,188,85.58755046888994,3,82.73038280937689,27.57679427,10,10,100,99,2,179,30,CREW,Moderate,1,19.23,LOW
SQ-2308,Singapore Airlines,SQ,DEL,CCU,Domestic,B787,VT-EEE,T3,B26,Departed,14/10/2024 08:41,14/10/2024 08:41,14/10/2024 12:41,14/10/2024 11:41,14/10/2024,8,331,229,69.25385078465722,3,44.77336991012419,14.924456636708063,9,9,100,38,0,189,0,TURNAROUND,On-Time,0,26.34,LOW
SQ-5495,Singapore Airlines,SQ,DEL,CCU,Domestic,B737,VT-TQW,T3,B6,Departed,11/11/2024 00:59,11/11/2024 00:59,11/11/2024 02:59,11/11/2024 06:59,11/11/2024,0,234,198,84.83141083669943,2,42.51017177116762,21.25508588558381,7,6,85.71,98,2,225,0,TECH,On-Time,0,18.97,LOW
SQ-8316,Singapore Airlines,SQ,DEL,LHR,Long-Haul Intl,A350,VT-OAZ,T3,B20,Departed,21/11/2024 22:21,21/11/2024 22:21,22/11/2024 04:21,22/11/2024 07:21,21/11/2024,22,320,294,91.96146766289988,4,75.59232487154594,18.898081217886485,12,9,75,44,2,141,0,TECH,On-Time,0,48.18,MEDIUM
KL-1900,KLM,KL,DEL,AMS,Long-Haul Intl,A350,VT-WEA,T3,B5,Departed,06/12/2024 20:21,06/12/2024 20:21,07/12/2024 04:21,07/12/2024 05:21,06/12/2024,20,300,222,74.01002746926515,0,0,0,6,5,83.33,55,0,157,0,CREW,On-Time,0,27.46,LOW
QR-2153,Qatar Airways,QR,DEL,CCU,Domestic,B787,VT-TUC,T3,B5,Departed,30/12/2024 03:18,30/12/2024 03:18,30/12/2024 06:18,30/12/2024 05:18,30/12/2024,3,189,165,87.72072464694506,1,27.87172682934245,27.87172682934245,9,9,100,80,1,134,0,CREW,On-Time,0,23.3,LOW
BA-1432,British Airways,BA,DEL,FRA,Long-Haul Intl,A350,VT-ABW,T3,B38,Departed,08/12/2024 01:46,08/12/2024 01:46,08/12/2024 07:46,08/12/2024 03:46,08/12/2024,1,271,284,105,1,17.9905888,17.9905888,10,10,100,61,1,183,0,WX,On-Time,0,25.5,LOW
AF-9827,Air France,AF,DEL,JFK,Long-Haul Intl,B787,VT-BSS,T3,B28,Departed,23/12/2024 08:40,23/12/2024 08:40,23/12/2024 14:40,23/12/2024 11:40,23/12/2024,8,339,291,86.04379951576838,3,84.39370137835155,28.13123379278385,9,9,100,100,3,181,0,CREW,On-Time,0,25.36,LOW
AF-8793,Air France,AF,DEL,BOM,Domestic,B737,VT-XPH,T3,B27,Departed,04/11/2024 11:36,04/11/2024 14:06,04/11/2024 21:36,04/11/2024 23:06,04/11/2024,11,199,154,77.59947735,2,47.325245544970535,23.662622772485268,6,6,100,75,1,220,150,TECH,Moderate,1,17.23,LOW
AF-9756,Air France,AF,DEL,LHR,Long-Haul Intl,B787,VT-YIT,T3,B32,Departed,12/12/2024 22:36,12/12/2024 23:06,13/12/2024 08:36,13/12/2024 08:06,12/12/2024,22,218,169,77.57613526206852,2,41.52333136087514,20.76166568043757,11,8,72.73,47,1,47,30,CREW,Moderate,1,49.58,MEDIUM
SG-7087,SpiceJet,SG,DEL,KUL,Long-Haul Intl,A320,VT-MYV,T3,B1,Departed,15/12/2024 14:42,15/12/2024 14:42,15/12/2024 22:42,16/12/2024 00:42,15/12/2024,14,217,192,88.60791466490184,0,0,0,11,11,100,43,0,30,0,WX,On-Time,0,39.04,MEDIUM
KL-6907,KLM,KL,DEL,KUL,Long-Haul Intl,A320,VT-VUN,T3,B37,Departed,19/12/2024 18:35,19/12/2024 18:35,19/12/2024 22:35,20/12/2024 02:35,19/12/2024,18,258,199,77.40821930873058,6,143.87712774443168,23.979521290738614,9,4,44.44,70,0,225,0,WX,On-Time,0,25.75,LOW
KL-1992,KLM,KL,DEL,BLR,Domestic,B737,VT-XCR,T3,B11,Departed,19/12/2024 13:51,19/12/2024 14:21,19/12/2024 23:51,19/12/2024 23:21,19/12/2024,13,221,205,92.87096547686198,2,51.140146701607094,25.570073350803547,8,7,87.5,92,3,186,30,WX,Moderate,1,30.83,LOW
LH-6372,Lufthansa,LH,DEL,FRA,Long-Haul Intl,B787,VT-ZKL,T3,B48,Departed,02/11/2024 21:20,02/11/2024 22:20,03/11/2024 01:20,03/11/2024 02:20,02/11/2024,21,205,189,92.37903301320026,5,67.08111205032256,13.416222410064512,12,7,58.33,88,1,66,60,TECH,Moderate,1,37.1,MEDIUM
LH-6026,Lufthansa,LH,DEL,LHR,Long-Haul Intl,B787,VT-EQX,T3,B47,Departed,25/12/2024 10:14,25/12/2024 10:44,25/12/2024 15:14,25/12/2024 20:44,25/12/2024,10,224,204,91.28911540368593,1,8.155823912559688,8.155823912559688,12,6,50,46,0,146,30,CREW,Moderate,1,39.95,MEDIUM
BA-7318,British Airways,BA,DEL,DXB,Long-Haul Intl,B787,VT-UVQ,T3,B8,Departed,21/10/2024 01:06,21/10/2024 01:36,21/10/2024 05:06,21/10/2024 04:36,21/10/2024,1,266,252,95.05510824451063,3,66.80514294677691,22.26838098225897,9,6,66.67,48,0,166,30,ATC,Moderate,1,33.26,LOW
QR-6556,Qatar Airways,QR,DEL,KUL,Long-Haul Intl,B787,VT-GXE,T3,B7,Departed,16/11/2024 13:26,16/11/2024 13:26,16/11/2024 23:26,16/11/2024 21:26,16/11/2024,13,302,282,93.68177252,3,35.40699168363836,11.802330561212786,7,7,100,68,1,137,0,ATC,On-Time,0,27.23,LOW
SQ-7760,Singapore Airlines,SQ,DEL,FRA,Long-Haul Intl,B787,VT-FTG,T3,B45,Departed,26/12/2024 11:39,26/12/2024 11:39,26/12/2024 16:39,26/12/2024 13:39,26/12/2024,11,337,323,95.89405226391156,1,5.6374014941033375,5.6374014941033375,7,4,57.14,87,2,162,0,TECH,On-Time,0,35.69,MEDIUM
QR-6890,Qatar Airways,QR,DEL,CCU,Domestic,A320,VT-YBO,T3,B37,Departed,11/12/2024 07:56,11/12/2024 07:56,11/12/2024 12:56,11/12/2024 11:56,11/12/2024,7,232,191,82.42480747593058,8,147.51314245674817,18.43914280709352,12,5,41.67,54,1,145,0,ATC,On-Time,0,45.99,MEDIUM
LH-7393,Lufthansa,LH,DEL,CCU,Domestic,B737,VT-ZWC,T3,B7,Departed,10/11/2024 06:27,10/11/2024 06:27,10/11/2024 08:27,10/11/2024 12:27,10/11/2024,6,200,176,88.47619922792698,2,36.03131987,18.01565993271325,12,12,100,50,1,175,0,TECH,On-Time,0,30.08,LOW
BA-4692,British Airways,BA,DEL,MAA,Domestic,A350,VT-MNJ,T3,B20,Departed,28/12/2024 19:28,28/12/2024 20:28,29/12/2024 01:28,29/12/2024 05:28,28/12/2024,19,191,153,80.13948062419706,4,73.85699086707166,18.464247716767915,11,5,45.45,90,1,171,60,TECH,Moderate,1,30.08,LOW
AI-5269,Air India,AI,DEL,MAA,Domestic,A320,VT-BUE,T3,B45,Departed,03/10/2024 14:56,03/10/2024 14:56,03/10/2024 20:56,04/10/2024 00:56,03/10/2024,14,293,260,89.06544807117888,2,20.710322735974763,10.355161367987382,8,8,100,92,1,91,0,ATC,On-Time,0,23.01,LOW
QR-4258,Qatar Airways,QR,DEL,DOH,Long-Haul Intl,B737,VT-NBP,T3,B32,Departed,31/10/2024 01:16,31/10/2024 01:16,31/10/2024 11:16,31/10/2024 08:16,31/10/2024,1,222,192,86.82918804,1,30.316411731746825,30.316411731746825,6,6,100,38,2,126,0,ATC,On-Time,0,45.4,MEDIUM
LH-2667,Lufthansa,LH,DEL,LHR,Long-Haul Intl,B787,VT-XDM,T3,B19,Departed,25/12/2024 14:40,25/12/2024 14:40,25/12/2024 20:40,25/12/2024 22:40,25/12/2024,14,241,211,87.61623943426979,3,22.173851360649664,7.391283786883221,7,7,100,38,2,156,0,TURNAROUND,On-Time,0,42.67,MEDIUM
EK-2944,Emirates,EK,DEL,HYD,Domestic,A320,VT-IZI,T3,B42,Departed,29/12/2024 18:50,29/12/2024 18:50,30/12/2024 01:50,29/12/2024 20:50,29/12/2024,18,314,267,85.33421696,2,46.494320644288905,23.247160322144452,12,11,91.67,54,0,194,0,TECH,On-Time,0,22.36,LOW
EK-5338,Emirates,EK,DEL,FRA,Long-Haul Intl,A350,VT-PJU,T3,B32,Departed,03/12/2024 02:51,03/12/2024 03:51,03/12/2024 11:51,03/12/2024 07:51,03/12/2024,2,160,143,89.58176286532571,2,29.47752112430716,14.73876056215358,11,4,36.36,44,1,52,60,TECH,Moderate,1,59.27,MEDIUM
AI-6706,Air India,AI,DEL,DXB,Long-Haul Intl,A350,VT-XKB,T3,B14,Departed,31/10/2024 08:52,31/10/2024 08:52,31/10/2024 18:52,31/10/2024 12:52,31/10/2024,8,232,217,93.59504594143526,4,82.27188208804745,20.567970522011862,10,4,40,58,1,209,0,TURNAROUND,On-Time,0,39.18,MEDIUM
LH-7191,Lufthansa,LH,DEL,MAA,Domestic,A350,VT-HHT,T3,B29,Departed,03/11/2024 21:39,03/11/2024 21:39,04/11/2024 07:39,04/11/2024 07:39,03/11/2024,21,197,147,74.66840344258145,4,71.25393183640512,17.81348295910128,11,11,100,60,1,38,0,ATC,On-Time,0,39.03,MEDIUM
EK-8520,Emirates,EK,DEL,BLR,Domestic,B787,VT-UCF,T3,B10,Departed,15/10/2024 01:45,15/10/2024 01:45,15/10/2024 04:45,15/10/2024 04:45,15/10/2024,1,251,226,90.35752645413557,3,27.40877168252142,9.136257227507139,7,7,100,71,0,214,0,TECH,On-Time,0,12.51,LOW
SQ-9380,Singapore Airlines,SQ,DEL,AMS,Long-Haul Intl,B787,VT-NMO,T3,B44,Departed,25/12/2024 23:49,26/12/2024 00:19,26/12/2024 08:49,26/12/2024 02:19,25/12/2024,23,265,227,85.87950201197562,4,94.01083106351662,23.502707765879155,7,7,100,88,0,93,30,ATC,Moderate,1,17.56,LOW
SQ-2021,Singapore Airlines,SQ,DEL,DXB,Long-Haul Intl,A320,VT-ZWD,T3,B28,Departed,20/11/2024 14:50,20/11/2024 15:20,20/11/2024 17:50,20/11/2024 23:20,20/11/2024,14,306,257,84.20619148563382,2,43.33256599022197,21.666282995110986,11,10,90.91,55,1,187,30,TECH,Moderate,1,29.51,LOW
AF-2860,Air France,AF,DEL,MAA,Domestic,B787,VT-DDH,T3,B12,Departed,06/11/2024 02:31,06/11/2024 02:31,06/11/2024 08:31,06/11/2024 10:31,06/11/2024,2,237,200,84.50091776,2,28.76678317398925,14.383391586994625,6,6,100,72,0,194,0,CREW,On-Time,0,13.98,LOW
EK-4542,Emirates,EK,DEL,CCU,Domestic,B787,VT-WQF,T3,B25,Departed,22/11/2024 20:49,22/11/2024 20:49,23/11/2024 01:49,23/11/2024 00:49,22/11/2024,20,281,222,79.23282307819957,2,33.438291778374996,16.719145889187498,9,6,66.67,80,0,212,0,TECH,On-Time,0,17.88,LOW
AI-5027,Air India,AI,DEL,JFK,Long-Haul Intl,A320,VT-TLU,T3,B7,Departed,21/11/2024 15:29,21/11/2024 15:29,21/11/2024 21:29,22/11/2024 00:29,21/11/2024,15,294,265,90.33098285,1,18.953004976375052,18.953004976375052,7,5,71.43,38,2,176,0,WX,On-Time,0,47.99,MEDIUM
SG-6898,SpiceJet,SG,DEL,DXB,Long-Haul Intl,A320,VT-XNW,T3,B5,Departed,03/10/2024 05:01,03/10/2024 07:31,03/10/2024 12:01,03/10/2024 17:31,03/10/2024,5,185,157,85.03027849727229,2,40.62134234432785,20.310671172163925,11,8,72.73,94,2,197,150,TURNAROUND,Moderate,1,26.16,LOW
KL-3994,KLM,KL,DEL,BOM,Domestic,B787,VT-WRW,T3,B49,Departed,07/10/2024 15:55,07/10/2024 15:55,07/10/2024 21:55,07/10/2024 19:55,07/10/2024,15,209,181,86.69150583079521,2,26.589316614594935,13.294658307297468,12,6,50,91,0,117,0,WX,On-Time,0,26.83,LOW
AF-1544,Air France,AF,DEL,LHR,Long-Haul Intl,B787,VT-EOL,T3,B7,Departed,08/12/2024 15:01,08/12/2024 15:01,08/12/2024 18:01,09/12/2024 01:01,08/12/2024,15,179,159,89.07991392419198,4,56.86579056533918,14.216447641334796,11,9,81.82,79,1,160,0,CREW,On-Time,0,25.83,LOW
IX-7384,Air India Express,IX,DEL,MAA,Domestic,B787,VT-PIU,T3,B49,Departed,07/10/2024 20:01,07/10/2024 20:01,08/10/2024 03:01,07/10/2024 22:01,07/10/2024,20,312,268,86.07211579,3,38.57807899540786,12.859359665135953,8,5,62.5,54,1,148,0,ATC,On-Time,0,40.51,MEDIUM
LH-2864,Lufthansa,LH,DEL,DOH,Long-Haul Intl,B787,VT-UQH,T3,B11,Departed,08/12/2024 20:17,08/12/2024 20:17,09/12/2024 04:17,09/12/2024 06:17,08/12/2024,20,330,269,81.68666733918477,3,52.17396788630351,17.391322628767835,9,6,66.67,51,3,181,0,CREW,On-Time,0,50.85,MEDIUM
6E-6034,IndiGo,6E,DEL,DXB,Long-Haul Intl,A350,VT-BBH,T3,B7,Departed,10/12/2024 15:05,10/12/2024 15:05,11/12/2024 01:05,10/12/2024 22:05,10/12/2024,15,286,256,89.59704345,0,0,0,10,8,80,38,1,112,0,CREW,On-Time,0,45,MEDIUM
6E-3279,IndiGo,6E,DEL,SIN,Long-Haul Intl,B787,VT-PEY,T3,B2,Departed,23/12/2024 20:14,23/12/2024 20:44,24/12/2024 04:14,24/12/2024 01:44,23/12/2024,20,333,265,79.76007453354735,2,43.514021422365545,21.757010711182772,6,4,66.67,48,0,195,30,WX,Moderate,1,30.62,LOW
AF-4097,Air France,AF,DEL,DXB,Long-Haul Intl,A350,VT-KQO,T3,B45,Departed,04/10/2024 10:55,04/10/2024 11:25,04/10/2024 18:55,04/10/2024 20:25,04/10/2024,10,247,241,97.80379563,2,25.226119006456358,12.613059503228179,10,4,40,37,2,224,30,CREW,Moderate,1,51.84,MEDIUM
AF-9470,Air France,AF,DEL,CCU,Domestic,A350,VT-IZQ,T3,B27,Departed,30/11/2024 17:56,30/11/2024 17:56,01/12/2024 00:56,30/11/2024 20:56,30/11/2024,17,315,263,83.78462024467447,0,0,0,9,9,100,92,1,67,0,ATC,On-Time,0,25.19,LOW
SG-8133,SpiceJet,SG,DEL,SIN,Long-Haul Intl,A320,VT-EWQ,T3,B39,Departed,23/11/2024 23:09,23/11/2024 23:09,24/11/2024 03:09,24/11/2024 07:09,23/11/2024,23,249,231,92.95826756018108,3,58.39213653234608,19.464045510782025,9,9,100,89,1,196,0,TURNAROUND,On-Time,0,14.52,LOW
AI-9066,Air India,AI,DEL,MAA,Domestic,B787,VT-GAY,T3,B31,Departed,24/10/2024 06:55,24/10/2024 07:25,24/10/2024 14:55,24/10/2024 14:25,24/10/2024,6,228,200,87.89173417712874,0,0,0,9,4,44.44,38,2,83,30,ATC,Moderate,1,63.2,HIGH
AI-7440,Air India,AI,DEL,DOH,Long-Haul Intl,B737,VT-AXL,T3,B6,Departed,20/12/2024 19:18,20/12/2024 19:18,20/12/2024 23:18,21/12/2024 02:18,20/12/2024,19,243,214,88.26000561931349,3,61.99478881924735,20.664929606415782,10,10,100,58,0,80,0,TURNAROUND,On-Time,0,29.25,LOW
QR-7913,Qatar Airways,QR,DEL,HYD,Domestic,B737,VT-KWN,T3,B44,Departed,26/12/2024 19:34,26/12/2024 19:34,27/12/2024 05:34,26/12/2024 23:34,26/12/2024,19,207,163,79.19321154906875,1,10.714642715323134,10.714642715323134,12,6,50,68,2,176,0,WX,On-Time,0,42.85,MEDIUM
SG-4788,SpiceJet,SG,DEL,SIN,Long-Haul Intl,A320,VT-LMV,T3,B11,Departed,10/12/2024 19:04,10/12/2024 19:04,11/12/2024 05:04,10/12/2024 23:04,10/12/2024,19,264,254,96.27264567774144,5,101.30692056773665,20.26138411354733,9,9,100,64,0,58,0,WX,On-Time,0,29.15,LOW
IX-9702,Air India Express,IX,DEL,DXB,Long-Haul Intl,A320,VT-AJY,T3,B1,Departed,16/12/2024 23:39,16/12/2024 23:39,17/12/2024 05:39,17/12/2024 04:39,16/12/2024,23,297,239,80.53719064100797,1,23.65433519898865,23.65433519898865,11,8,72.73,53,1,147,0,TECH,On-Time,0,38.39,MEDIUM
LH-128,Lufthansa,LH,DEL,BLR,Domestic,B737,VT-FIQ,T3,B4,Departed,05/10/2024 22:46,05/10/2024 22:46,06/10/2024 05:46,06/10/2024 06:46,05/10/2024,22,224,186,83.08974166286974,1,23.137880061634927,23.137880061634927,10,4,40,65,2,107,0,TURNAROUND,On-Time,0,52.67,MEDIUM
SQ-3653,Singapore Airlines,SQ,DEL,MAA,Domestic,A350,VT-SZJ,T3,B14,Departed,14/12/2024 08:10,14/12/2024 08:10,14/12/2024 16:10,14/12/2024 17:10,14/12/2024,8,197,155,78.98108587096819,2,51.10481019095725,25.552405095478626,9,9,100,94,0,45,0,ATC,On-Time,0,19.83,LOW
SQ-4811,Singapore Airlines,SQ,DEL,CDG,Long-Haul Intl,A350,VT-IRB,T3,B45,Departed,23/12/2024 17:27,23/12/2024 17:27,23/12/2024 22:27,23/12/2024 22:27,23/12/2024,17,316,252,79.84007557,1,30.549973240581583,30.549973240581583,11,8,72.73,94,0,36,0,CREW,On-Time,0,27.46,LOW
KL-397,KLM,KL,DEL,LHR,Long-Haul Intl,B737,VT-ZZL,T3,B10,Departed,06/10/2024 05:55,06/10/2024 05:55,06/10/2024 09:55,06/10/2024 12:55,06/10/2024,5,231,209,90.81746910727432,5,67.98113401079162,13.596226802158323,12,9,75,53,0,90,0,TECH,On-Time,0,36.34,MEDIUM
LH-5621,Lufthansa,LH,DEL,KUL,Long-Haul Intl,B787,VT-EPK,T3,B16,Departed,08/11/2024 22:26,08/11/2024 22:26,09/11/2024 02:26,09/11/2024 01:26,08/11/2024,22,162,148,91.51174878336214,3,49.044277898074924,16.348092632691642,8,8,100,83,0,32,0,WX,On-Time,0,24.86,LOW
KL-3797,KLM,KL,DEL,CDG,Long-Haul Intl,B787,VT-ELB,T3,B40,Departed,26/12/2024 08:33,26/12/2024 08:33,26/12/2024 17:33,26/12/2024 14:33,26/12/2024,8,339,292,86.24857047794863,2,38.038870910986034,19.019435455493017,12,11,91.67,97,3,88,0,ATC,On-Time,0,36.95,MEDIUM
SQ-7711,Singapore Airlines,SQ,DEL,AMS,Long-Haul Intl,B737,VT-SME,T3,B26,Departed,25/11/2024 19:41,25/11/2024 20:41,26/11/2024 02:41,26/11/2024 02:41,25/11/2024,19,214,177,83.14210679334978,2,39.85547393164507,19.927736965822536,9,9,100,56,2,45,60,ATC,Moderate,1,46.46,MEDIUM
SQ-8677,Singapore Airlines,SQ,DEL,BLR,Domestic,A320,VT-CLE,T3,B28,Departed,02/12/2024 05:08,02/12/2024 07:38,02/12/2024 11:08,02/12/2024 17:38,02/12/2024,5,300,304,101.44867389142158,3,68.34042391500391,22.780141305001305,10,5,50,58,0,68,150,ATC,Moderate,1,42.84,MEDIUM
SG-8664,SpiceJet,SG,DEL,BOM,Domestic,B737,VT-JBS,T3,B17,Departed,07/12/2024 08:22,07/12/2024 09:22,07/12/2024 11:22,07/12/2024 16:22,07/12/2024,8,164,118,71.97729574927658,2,37.88016357613752,18.94008178806876,7,7,100,64,1,214,60,ATC,Moderate,1,21.63,LOW
AF-1086,Air France,AF,DEL,CDG,Long-Haul Intl,B737,VT-MSO,T3,B29,Departed,13/11/2024 16:01,13/11/2024 16:01,13/11/2024 20:01,13/11/2024 21:01,13/11/2024,16,171,179,104.74644110464943,3,37.92906505049441,12.643021683498135,9,9,100,92,2,26,0,WX,On-Time,0,35.59,MEDIUM
AI-877,Air India,AI,DEL,BOM,Domestic,A350,VT-NGI,T3,B42,Departed,08/10/2024 01:52,08/10/2024 01:52,08/10/2024 07:52,08/10/2024 06:52,08/10/2024,1,185,144,78.26949253854193,3,41.84823985620131,13.949413285400437,7,7,100,65,1,77,0,TURNAROUND,On-Time,0,33.73,LOW
EK-5229,Emirates,EK,DEL,BLR,Domestic,A350,VT-FHA,T3,B9,Departed,26/12/2024 00:01,26/12/2024 00:01,26/12/2024 03:01,26/12/2024 04:01,26/12/2024,0,275,207,75.45160074528084,1,29.476422486473272,29.476422486473272,11,4,36.36,98,1,68,0,TECH,On-Time,0,38.91,MEDIUM
6E-2417,IndiGo,6E,DEL,BLR,Domestic,B787,VT-QKS,T3,B31,Departed,10/11/2024 18:42,10/11/2024 19:12,11/11/2024 03:42,10/11/2024 23:12,10/11/2024,18,199,162,81.47083007017257,1,11.646031884499552,11.646031884499552,8,8,100,53,0,122,30,TURNAROUND,Moderate,1,27.18,LOW
AF-685,Air France,AF,DEL,HYD,Domestic,B787,VT-EIX,T3,B6,Departed,23/10/2024 18:00,23/10/2024 18:30,23/10/2024 21:00,24/10/2024 01:30,23/10/2024,18,324,215,66.45325913738628,3,62.762270273074094,20.920756757691365,6,6,100,82,0,72,30,WX,Moderate,1,21.57,LOW
AI-5874,Air India,AI,DEL,DOH,Long-Haul Intl,A320,VT-CWM,T3,B10,Departed,18/12/2024 16:45,18/12/2024 16:45,19/12/2024 02:45,19/12/2024 01:45,18/12/2024,16,267,231,86.74781763196584,2,40.687304453048995,20.343652226524497,12,9,75,79,1,212,0,WX,On-Time,0,22.81,LOW
AF-6249,Air France,AF,DEL,MAA,Domestic,A350,VT-KOR,T3,B43,Departed,29/10/2024 14:58,29/10/2024 14:58,29/10/2024 21:58,30/10/2024 00:58,29/10/2024,14,271,219,81.12024975,3,49.859358007144806,16.619786002381602,8,8,100,89,0,81,0,ATC,On-Time,0,18.3,LOW
UK-466,Vistara,UK,DEL,JFK,Long-Haul Intl,A320,VT-PAA,T3,B9,Departed,20/12/2024 13:29,20/12/2024 13:59,20/12/2024 15:29,20/12/2024 22:59,20/12/2024,13,293,257,88.04229429409126,0,0,0,9,8,88.89,89,1,36,30,ATC,Moderate,1,31.84,LOW
IX-1959,Air India Express,IX,DEL,BLR,Domestic,B787,VT-URS,T3,B39,Departed,24/11/2024 02:59,24/11/2024 02:59,24/11/2024 09:59,24/11/2024 06:59,24/11/2024,2,332,269,81.24757053800963,3,36.65594937988524,12.21864979329508,7,7,100,52,0,190,0,TURNAROUND,On-Time,0,21.35,LOW
LH-4895,Lufthansa,LH,DEL,BOM,Domestic,A320,VT-IWT,T3,B12,Departed,05/10/2024 10:59,05/10/2024 11:59,05/10/2024 17:59,05/10/2024 16:59,05/10/2024,10,304,260,85.83270548416212,1,18.60677514509915,18.60677514509915,12,12,100,97,2,44,60,TURNAROUND,Moderate,1,32.2,LOW
QR-4441,Qatar Airways,QR,DEL,MAA,Domestic,B737,VT-FQT,T3,B20,Departed,04/10/2024 21:34,04/10/2024 21:34,05/10/2024 03:34,05/10/2024 00:34,04/10/2024,21,217,189,87.45558820428072,1,10.609998872104503,10.609998872104503,7,6,85.71,81,0,150,0,TECH,On-Time,0,18.4,LOW
SQ-9532,Singapore Airlines,SQ,DEL,KUL,Long-Haul Intl,B787,VT-FDR,T3,B40,Departed,08/10/2024 16:08,08/10/2024 16:08,08/10/2024 23:08,08/10/2024 23:08,08/10/2024,16,332,312,94.04253316046032,0,0,0,10,10,100,91,1,226,0,WX,On-Time,0,11.09,LOW
UK-9664,Vistara,UK,DEL,CDG,Long-Haul Intl,A350,VT-WEX,T3,B17,Departed,21/12/2024 15:25,21/12/2024 15:25,21/12/2024 18:25,22/12/2024 00:25,21/12/2024,15,168,145,86.83010806681936,5,84.65258677268162,16.930517354536324,7,5,71.43,79,3,48,0,WX,On-Time,0,51.95,MEDIUM
KL-5784,KLM,KL,DEL,MAA,Domestic,A320,VT-MOC,T3,B15,Departed,04/11/2024 04:42,04/11/2024 05:12,04/11/2024 09:42,04/11/2024 12:12,04/11/2024,4,243,214,88.34604899437005,3,70.62887977877648,23.542959926258828,10,10,100,67,1,136,30,WX,Moderate,1,27.67,LOW
IX-309,Air India Express,IX,DEL,HYD,Domestic,B737,VT-OJK,T3,B36,Departed,08/10/2024 18:58,08/10/2024 18:58,08/10/2024 21:58,09/10/2024 00:58,08/10/2024,18,297,257,86.79477621,3,75.08747399124873,25.02915799708291,11,5,45.45,51,3,179,0,ATC,On-Time,0,56.33,MEDIUM
BA-1034,British Airways,BA,DEL,DOH,Long-Haul Intl,A320,VT-AXT,T3,B12,Departed,11/12/2024 01:16,11/12/2024 01:16,11/12/2024 06:16,11/12/2024 10:16,11/12/2024,1,267,221,83.11788231979533,4,68.01195633170539,17.002989082926348,12,7,58.33,38,0,45,0,CREW,On-Time,0,49.84,MEDIUM
QR-5718,Qatar Airways,QR,DEL,FRA,Long-Haul Intl,A320,VT-XRU,T3,B43,Departed,19/10/2024 04:44,19/10/2024 04:44,19/10/2024 06:44,19/10/2024 09:44,19/10/2024,4,179,171,95.57224554043964,2,45.42661344155806,22.71330672077903,12,10,83.33,54,1,143,0,ATC,On-Time,0,35.75,MEDIUM
IX-257,Air India Express,IX,DEL,SIN,Long-Haul Intl,A320,VT-NCR,T3,B27,Departed,20/10/2024 22:23,20/10/2024 22:23,21/10/2024 00:23,21/10/2024 04:23,20/10/2024,22,170,156,91.94612500850528,1,14.985077786097031,14.985077786097031,9,5,55.56,49,1,44,0,TURNAROUND,On-Time,0,53.44,MEDIUM
SG-9723,SpiceJet,SG,DEL,LHR,Long-Haul Intl,B737,VT-MQK,T3,B12,Departed,07/11/2024 03:45,07/11/2024 03:45,07/11/2024 12:45,07/11/2024 09:45,07/11/2024,3,332,301,90.81598758411609,6,105.65882203291078,17.609803672151795,10,10,100,81,0,73,0,WX,On-Time,0,21.83,LOW
BA-8174,British Airways,BA,DEL,MAA,Domestic,B787,VT-HGS,T3,B43,Departed,05/12/2024 11:18,05/12/2024 11:48,05/12/2024 20:18,05/12/2024 17:48,05/12/2024,11,295,218,74.06501290913309,1,10.913635862187093,10.913635862187093,6,4,66.67,43,2,175,30,TECH,Moderate,1,47.52,MEDIUM
SQ-2860,Singapore Airlines,SQ,DEL,DOH,Long-Haul Intl,B787,VT-YOE,T3,B23,Departed,26/11/2024 01:48,26/11/2024 01:48,26/11/2024 03:48,26/11/2024 08:48,26/11/2024,1,299,271,90.94746414860036,4,67.45417426,16.86354356,7,7,100,50,1,92,0,WX,On-Time,0,37.62,MEDIUM
SG-1072,SpiceJet,SG,DEL,LHR,Long-Haul Intl,A350,VT-UZV,T3,B7,Departed,06/10/2024 01:30,06/10/2024 02:00,06/10/2024 11:30,06/10/2024 11:00,06/10/2024,1,289,236,81.81602373402639,4,56.12306512418154,14.030766281045384,7,6,85.71,95,0,139,30,TURNAROUND,Moderate,1,14.5,LOW
LH-9979,Lufthansa,LH,DEL,LHR,Long-Haul Intl,B737,VT-VAB,T3,B32,Departed,23/10/2024 19:04,23/10/2024 19:04,23/10/2024 22:04,23/10/2024 23:04,23/10/2024,19,318,250,78.78403927299843,4,66.83177062739333,16.70794265684833,6,5,83.33,44,0,75,0,ATC,On-Time,0,38.77,MEDIUM
EK-152,Emirates,EK,DEL,CCU,Domestic,A320,VT-YSR,T3,B29,Departed,28/10/2024 21:48,28/10/2024 21:48,29/10/2024 00:48,29/10/2024 03:48,28/10/2024,21,258,258,100.05582630730945,5,74.96515689379373,14.993031378758747,12,6,50,84,3,84,0,WX,On-Time,0,52.28,MEDIUM
BA-7914,British Airways,BA,DEL,DOH,Long-Haul Intl,B787,VT-VUV,T3,B46,Departed,01/11/2024 21:43,01/11/2024 21:43,02/11/2024 07:43,02/11/2024 00:43,01/11/2024,21,337,276,81.95016964371473,5,93.34677980392654,18.669355960785307,7,7,100,37,2,112,0,ATC,On-Time,0,47.02,MEDIUM
EK-6787,Emirates,EK,DEL,LHR,Long-Haul Intl,A320,VT-YHE,T3,B14,Departed,14/10/2024 01:06,14/10/2024 02:06,14/10/2024 03:06,14/10/2024 09:06,14/10/2024,1,270,238,88.31376271,3,68.62887841,22.876292803474133,11,11,100,85,0,105,60,ATC,Moderate,1,17.52,LOW
SQ-5422,Singapore Airlines,SQ,DEL,DXB,Long-Haul Intl,B787,VT-WZT,T3,B45,Departed,22/11/2024 07:54,22/11/2024 07:54,22/11/2024 17:54,22/11/2024 13:54,22/11/2024,7,338,326,96.70755418,7,114.53220324303642,16.361743320433774,11,10,90.91,53,0,99,0,TURNAROUND,On-Time,0,31.54,LOW
BA-6962,British Airways,BA,DEL,DXB,Long-Haul Intl,A350,VT-PWI,T3,B45,Departed,20/10/2024 03:53,20/10/2024 04:23,20/10/2024 12:53,20/10/2024 08:23,20/10/2024,3,325,283,87.24877779349424,2,34.02325869597073,17.011629347985366,6,6,100,76,1,188,30,WX,Moderate,1,19.79,LOW
SQ-6188,Singapore Airlines,SQ,DEL,CDG,Long-Haul Intl,B787,VT-QGD,T3,B28,Departed,09/12/2024 14:09,09/12/2024 14:09,09/12/2024 20:09,09/12/2024 17:09,09/12/2024,14,253,213,84.23442049772795,4,86.19732935191857,21.549332337979642,10,10,100,69,2,127,0,WX,On-Time,0,34.46,LOW
SG-5997,SpiceJet,SG,DEL,AMS,Long-Haul Intl,A350,VT-AAN,T3,B33,Departed,28/12/2024 16:32,28/12/2024 17:02,28/12/2024 22:32,28/12/2024 19:02,28/12/2024,16,252,241,95.80535791,3,73.47312643755477,24.49104214585159,10,10,100,80,3,198,30,TURNAROUND,Moderate,1,30.82,LOW
AI-6928,Air India,AI,DEL,HYD,Domestic,B787,VT-ECU,T3,B34,Departed,26/11/2024 17:47,26/11/2024 17:47,26/11/2024 20:47,27/11/2024 00:47,26/11/2024,17,187,196,104.9111972603524,2,42.348423693748444,21.174211846874222,6,4,66.67,60,1,137,0,TECH,On-Time,0,38.36,MEDIUM
SQ-5822,Singapore Airlines,SQ,DEL,FRA,Long-Haul Intl,B787,VT-RRA,T3,B45,Departed,25/12/2024 03:32,25/12/2024 04:32,25/12/2024 07:32,25/12/2024 11:32,25/12/2024,3,308,293,95.1501444,0,0,0,10,7,70,98,0,218,60,WX,Moderate,1,10.2,LOW
LH-2599,Lufthansa,LH,DEL,BOM,Domestic,B787,VT-TKO,T3,B35,Departed,27/12/2024 12:31,27/12/2024 12:31,27/12/2024 14:31,27/12/2024 18:31,27/12/2024,12,301,234,77.96728818479767,4,79.49724036871322,19.874310092178305,12,9,75,71,0,225,0,WX,On-Time,0,17.76,LOW
6E-9478,IndiGo,6E,DEL,JFK,Long-Haul Intl,B787,VT-IAW,T3,B15,Departed,29/11/2024 07:16,29/11/2024 09:46,29/11/2024 12:16,29/11/2024 15:46,29/11/2024,7,180,161,89.67035243714359,3,45.69857383169919,15.232857943899731,12,12,100,83,3,176,150,CREW,Moderate,1,31.77,LOW
BA-2358,British Airways,BA,DEL,AMS,Long-Haul Intl,B787,VT-IFQ,T3,B27,Departed,05/10/2024 09:15,05/10/2024 09:15,05/10/2024 11:15,05/10/2024 14:15,05/10/2024,9,296,310,105,2,21.843555416998022,10.921777708499011,10,5,50,55,0,102,0,TURNAROUND,On-Time,0,40.8,MEDIUM
LH-5691,Lufthansa,LH,DEL,MAA,Domestic,A320,VT-NHG,T3,B42,Departed,13/10/2024 07:05,13/10/2024 07:35,13/10/2024 10:05,13/10/2024 14:35,13/10/2024,7,187,155,83.2911339,3,60.28815815209744,20.09605271736581,11,4,36.36,98,3,166,30,CREW,Moderate,1,43.34,MEDIUM
AF-748,Air France,AF,DEL,AMS,Long-Haul Intl,A350,VT-RQO,T3,B26,Departed,29/12/2024 21:32,29/12/2024 21:32,30/12/2024 06:32,30/12/2024 07:32,29/12/2024,21,199,177,89.18382240736076,3,58.088736528524294,19.362912176174763,10,5,50,39,1,213,0,TECH,On-Time,0,42.97,MEDIUM
AF-858,Air France,AF,DEL,KUL,Long-Haul Intl,B737,VT-YSM,T3,B2,Departed,18/12/2024 17:46,18/12/2024 17:46,19/12/2024 00:46,19/12/2024 00:46,18/12/2024,17,302,287,95.24493463644646,4,57.67588812232373,14.418972030580932,12,10,83.33,38,0,188,0,ATC,On-Time,0,30.59,LOW
SG-8995,SpiceJet,SG,DEL,DOH,Long-Haul Intl,A350,VT-EOT,T3,B49,Departed,04/12/2024 08:07,04/12/2024 08:37,04/12/2024 18:07,04/12/2024 17:37,04/12/2024,8,249,236,94.95574539333414,4,78.80573049336843,19.701432623342107,8,6,75,73,2,192,30,TECH,Moderate,1,33.4,LOW
SQ-6858,Singapore Airlines,SQ,DEL,DOH,Long-Haul Intl,A350,VT-DVJ,T3,B46,Departed,03/11/2024 17:39,03/11/2024 17:39,03/11/2024 19:39,03/11/2024 23:39,03/11/2024,17,327,257,78.59561346133367,3,54.15567012257273,18.051890040857575,9,5,55.56,69,1,34,0,WX,On-Time,0,47.35,MEDIUM
IX-7445,Air India Express,IX,DEL,DOH,Long-Haul Intl,A350,VT-TUT,T3,B35,Departed,17/12/2024 10:28,17/12/2024 10:28,17/12/2024 13:28,17/12/2024 16:28,17/12/2024,10,280,242,86.69428751971134,3,59.34506424119519,19.781688080398396,7,7,100,35,0,150,0,WX,On-Time,0,30.93,LOW
6E-5087,IndiGo,6E,DEL,BOM,Domestic,B737,VT-TZO,T3,B14,Departed,19/11/2024 19:32,19/11/2024 20:02,20/11/2024 05:32,19/11/2024 22:02,19/11/2024,19,260,200,76.96134338,3,51.636872114500264,17.21229070483342,8,5,62.5,58,1,158,30,TURNAROUND,Moderate,1,38.2,MEDIUM
6E-6616,IndiGo,6E,DEL,LHR,Long-Haul Intl,B737,VT-MBG,T3,B24,Departed,22/10/2024 16:05,22/10/2024 16:35,23/10/2024 01:05,23/10/2024 01:35,22/10/2024,16,294,268,91.19815064757356,2,14.223845328858406,7.111922664429203,10,6,60,91,1,200,30,ATC,Moderate,1,23.45,LOW
IX-4028,Air India Express,IX,DEL,BOM,Domestic,B787,VT-YKH,T3,B19,Departed,23/12/2024 07:49,23/12/2024 08:49,23/12/2024 15:49,23/12/2024 17:49,23/12/2024,7,335,229,68.55138923120552,2,46.87366895178839,23.436834475894194,11,10,90.91,75,1,193,60,TURNAROUND,Moderate,1,21.96,LOW
AI-7113,Air India,AI,DEL,FRA,Long-Haul Intl,A350,VT-OUA,T3,B19,Departed,19/12/2024 23:57,20/12/2024 00:27,20/12/2024 04:57,20/12/2024 02:27,19/12/2024,23,266,220,82.79568880739374,7,143.16127554131063,20.451610791615803,6,6,100,88,3,49,30,ATC,Moderate,1,41.56,MEDIUM
IX-983,Air India Express,IX,DEL,KUL,Long-Haul Intl,B787,VT-ANV,T3,B30,Departed,24/10/2024 07:27,24/10/2024 07:27,24/10/2024 17:27,24/10/2024 13:27,24/10/2024,7,173,141,81.81524445294582,7,95.43132312273028,13.63304616039004,10,4,40,80,1,76,0,ATC,On-Time,0,43.58,MEDIUM
AI-1688,Air India,AI,DEL,CCU,Domestic,A320,VT-MOC,T3,B43,Departed,06/10/2024 22:46,06/10/2024 22:46,07/10/2024 00:46,07/10/2024 00:46,06/10/2024,22,275,281,102.39760072026178,4,101.16553754902606,25.291384387256514,11,8,72.73,94,3,165,0,ATC,On-Time,0,35.74,MEDIUM
EK-9096,Emirates,EK,DEL,CDG,Long-Haul Intl,A320,VT-DRD,T3,B39,Departed,09/11/2024 11:05,09/11/2024 13:35,09/11/2024 17:05,09/11/2024 16:35,09/11/2024,11,334,306,91.88879917957588,4,51.68530003106861,12.921325007767152,9,9,100,94,0,198,150,ATC,Moderate,1,5.92,LOW
EK-2783,Emirates,EK,DEL,FRA,Long-Haul Intl,A320,VT-TAI,T3,B24,Departed,30/12/2024 13:25,30/12/2024 13:55,30/12/2024 17:25,30/12/2024 15:55,30/12/2024,13,321,295,92.0910184,0,0,0,10,10,100,91,0,147,30,CREW,Moderate,1,11.6,LOW
UK-7380,Vistara,UK,DEL,DXB,Long-Haul Intl,B787,VT-GIK,T3,B13,Departed,02/11/2024 22:46,02/11/2024 22:46,03/11/2024 03:46,03/11/2024 00:46,02/11/2024,22,262,248,94.93113569908604,4,72.38610146582059,18.096525366455147,12,12,100,65,0,67,0,WX,On-Time,0,27.98,LOW
IX-5634,Air India Express,IX,DEL,LHR,Long-Haul Intl,A350,VT-EOB,T3,B25,Departed,21/11/2024 04:34,21/11/2024 05:04,21/11/2024 11:34,21/11/2024 11:04,21/11/2024,4,208,193,93.26889501212166,2,27.935626915992295,13.967813457996147,6,6,100,58,0,213,30,WX,Moderate,1,17.15,LOW
EK-9097,Emirates,EK,DEL,KUL,Long-Haul Intl,A350,VT-TKS,T3,B43,Departed,26/10/2024 11:12,26/10/2024 11:12,26/10/2024 13:12,26/10/2024 20:12,26/10/2024,11,312,269,86.34425659869706,4,79.08100874997962,19.770252187494904,11,10,90.91,70,3,155,0,WX,On-Time,0,40.5,MEDIUM
QR-4463,Qatar Airways,QR,DEL,JFK,Long-Haul Intl,A350,VT-DYW,T3,B47,Departed,24/11/2024 03:53,24/11/2024 03:53,24/11/2024 08:53,24/11/2024 11:53,24/11/2024,3,181,154,85.25943781,1,29.659220820561863,29.659220820561863,11,7,63.64,64,0,41,0,TECH,On-Time,0,39.78,MEDIUM
SG-7024,SpiceJet,SG,DEL,CCU,Domestic,A350,VT-EKR,T3,B20,Departed,27/11/2024 01:35,27/11/2024 01:35,27/11/2024 10:35,27/11/2024 06:35,27/11/2024,1,225,166,74.03384702644912,2,41.669970401931366,20.834985200965683,11,8,72.73,58,1,25,0,TECH,On-Time,0,47.73,MEDIUM
6E-1774,IndiGo,6E,DEL,DOH,Long-Haul Intl,A320,VT-JRA,T3,B26,Departed,19/10/2024 09:51,19/10/2024 09:51,19/10/2024 16:51,19/10/2024 17:51,19/10/2024,9,220,192,87.62755952057336,1,13.44783245297281,13.44783245297281,9,4,44.44,64,2,223,0,ATC,On-Time,0,41.37,MEDIUM
BA-4434,British Airways,BA,DEL,MAA,Domestic,B737,VT-VWU,T3,B28,Departed,13/12/2024 07:18,13/12/2024 07:18,13/12/2024 13:18,13/12/2024 14:18,13/12/2024,7,163,149,91.96378960972288,0,0,0,10,4,40,41,0,204,0,TECH,On-Time,0,38.92,MEDIUM
IX-378,Air India Express,IX,DEL,CDG,Long-Haul Intl,B737,VT-GGR,T3,B40,Departed,14/10/2024 18:19,14/10/2024 18:19,14/10/2024 21:19,14/10/2024 23:19,14/10/2024,18,258,222,86.24308582340024,3,63.73380785170257,21.24460261723419,9,6,66.67,69,1,123,0,TECH,On-Time,0,36.49,MEDIUM
KL-4359,KLM,KL,DEL,BOM,Domestic,A350,VT-MYS,T3,B26,Departed,04/11/2024 22:24,04/11/2024 22:24,05/11/2024 01:24,05/11/2024 07:24,04/11/2024,22,162,140,86.79852432780712,7,137.03841793282314,19.576916847546162,7,7,100,89,0,55,0,CREW,On-Time,0,20.67,LOW
AF-655,Air France,AF,DEL,JFK,Long-Haul Intl,B787,VT-BJB,T3,B13,Departed,10/11/2024 21:45,10/11/2024 21:45,11/11/2024 00:45,11/11/2024 03:45,10/11/2024,21,337,260,77.18634568862467,3,51.783640203042125,17.261213401014043,7,5,71.43,48,1,98,0,ATC,On-Time,0,44.92,MEDIUM
SQ-8613,Singapore Airlines,SQ,DEL,CCU,Domestic,B787,VT-DMN,T3,B12,Departed,15/10/2024 06:07,15/10/2024 07:07,15/10/2024 13:07,15/10/2024 10:07,15/10/2024,6,333,282,84.98040679792504,1,21.32315996534237,21.32315996534237,10,7,70,44,0,239,60,WX,Moderate,1,27.19,LOW
IX-9164,Air India Express,IX,DEL,BLR,Domestic,A320,VT-WZP,T3,B44,Departed,09/11/2024 12:38,09/11/2024 12:38,09/11/2024 14:38,09/11/2024 15:38,09/11/2024,12,271,214,79.25868567057007,5,126.68601274066685,25.33720254813337,12,5,41.67,50,1,135,0,TECH,On-Time,0,48.29,MEDIUM
BA-262,British Airways,BA,DEL,FRA,Long-Haul Intl,B737,VT-JDB,T3,B17,Departed,03/12/2024 22:04,03/12/2024 22:04,04/12/2024 01:04,04/12/2024 00:04,03/12/2024,22,164,143,87.20661607024205,1,5.2642005364283335,5.2642005364283335,9,8,88.89,88,0,76,0,ATC,On-Time,0,21.89,LOW
BA-8159,British Airways,BA,DEL,SIN,Long-Haul Intl,A320,VT-SEB,T3,B32,Departed,17/11/2024 19:19,17/11/2024 19:19,17/11/2024 23:19,18/11/2024 05:19,17/11/2024,19,313,289,92.51700742868468,2,53.91998519733045,26.959992598665224,6,6,100,78,0,68,0,ATC,On-Time,0,23.34,LOW
6E-9512,IndiGo,6E,DEL,MAA,Domestic,B787,VT-PVX,T3,B7,Departed,15/10/2024 12:53,15/10/2024 12:53,15/10/2024 15:53,15/10/2024 17:53,15/10/2024,12,223,167,74.91732712348403,2,47.23703300724053,23.618516503620263,11,4,36.36,79,1,192,0,TECH,On-Time,0,34.29,LOW
AI-8067,Air India,AI,DEL,FRA,Long-Haul Intl,A320,VT-KBB,T3,B23,Departed,18/12/2024 11:22,18/12/2024 11:22,18/12/2024 14:22,18/12/2024 13:22,18/12/2024,11,187,141,75.56307832,6,143.86822596583536,23.97803766097256,11,8,72.73,90,1,101,0,WX,On-Time,0,29.62,LOW
SQ-7179,Singapore Airlines,SQ,DEL,BOM,Domestic,A320,VT-ILV,T3,B29,Departed,01/10/2024 01:54,01/10/2024 02:24,01/10/2024 06:54,01/10/2024 05:24,01/10/2024,1,161,134,83.41940174,5,92.66673709618239,18.533347419236478,10,10,100,91,3,85,30,TURNAROUND,Moderate,1,37.24,MEDIUM
KL-7450,KLM,KL,DEL,AMS,Long-Haul Intl,B737,VT-IED,T3,B34,Departed,18/11/2024 05:53,18/11/2024 05:53,18/11/2024 13:53,18/11/2024 11:53,18/11/2024,5,193,160,83.18731189088783,0,0,0,12,4,33.33,55,1,96,0,WX,On-Time,0,52.18,MEDIUM
6E-2348,IndiGo,6E,DEL,JFK,Long-Haul Intl,A350,VT-HZA,T3,B36,Departed,13/11/2024 09:47,13/11/2024 09:47,13/11/2024 16:47,13/11/2024 18:47,13/11/2024,9,253,233,92.35686814539604,3,43.343208317745685,14.447736105915228,7,7,100,84,3,64,0,WX,On-Time,0,41.6,MEDIUM
QR-721,Qatar Airways,QR,DEL,CCU,Domestic,B787,VT-SKZ,T3,B41,Departed,15/11/2024 04:20,15/11/2024 04:20,15/11/2024 13:20,15/11/2024 11:20,15/11/2024,4,227,212,93.55978229580506,0,0,0,7,7,100,67,1,98,0,TURNAROUND,On-Time,0,31.13,LOW
AF-6904,Air France,AF,DEL,JFK,Long-Haul Intl,A320,VT-YUI,T3,B43,Departed,13/10/2024 04:11,13/10/2024 04:41,13/10/2024 12:11,13/10/2024 14:41,13/10/2024,4,284,235,82.94542927888774,3,63.836252305726894,21.27875076857563,11,7,63.64,41,0,39,30,CREW,Moderate,1,48.01,MEDIUM
QR-2466,Qatar Airways,QR,DEL,HYD,Domestic,B787,VT-PDY,T3,B48,Departed,29/12/2024 15:43,29/12/2024 15:43,29/12/2024 19:43,29/12/2024 21:43,29/12/2024,15,224,163,72.80076667,1,9.287217492734634,9.287217492734634,10,8,80,49,1,211,0,TECH,On-Time,0,32.15,LOW
LH-2762,Lufthansa,LH,DEL,BOM,Domestic,A320,VT-JTF,T3,B30,Departed,20/12/2024 23:47,20/12/2024 23:47,21/12/2024 02:47,21/12/2024 03:47,20/12/2024,23,194,180,92.98734295734144,4,89.72473755942362,22.431184389855904,9,8,88.89,66,0,240,0,TURNAROUND,On-Time,0,14.68,LOW
KL-7763,KLM,KL,DEL,KUL,Long-Haul Intl,B737,VT-TTS,T3,B11,Departed,02/12/2024 02:58,02/12/2024 02:58,02/12/2024 06:58,02/12/2024 08:58,02/12/2024,2,264,236,89.74153782806202,3,76.35964581972964,25.453215273243213,7,7,100,54,0,142,0,ATC,On-Time,0,25.01,LOW
KL-9324,KLM,KL,DEL,DXB,Long-Haul Intl,B787,VT-QVA,T3,B11,Departed,24/10/2024 00:31,24/10/2024 03:01,24/10/2024 03:31,24/10/2024 12:01,24/10/2024,0,194,154,79.86502811107613,0,0,0,9,9,100,49,3,240,150,TURNAROUND,Moderate,1,37.85,MEDIUM
AF-9476,Air France,AF,DEL,SIN,Long-Haul Intl,B737,VT-QLG,T3,B2,Departed,14/11/2024 14:33,14/11/2024 14:33,15/11/2024 00:33,14/11/2024 22:33,14/11/2024,14,324,285,88.02680823616913,1,19.30066253277247,19.30066253277247,12,11,91.67,82,1,86,0,ATC,On-Time,0,29.05,LOW
KL-4458,KLM,KL,DEL,HYD,Domestic,A320,VT-YFV,T3,B23,Departed,26/10/2024 04:50,26/10/2024 04:50,26/10/2024 08:50,26/10/2024 12:50,26/10/2024,4,288,273,94.97520966336862,4,83.41016899976933,20.85254224994233,7,7,100,55,1,102,0,ATC,On-Time,0,34.96,LOW
SQ-6749,Singapore Airlines,SQ,DEL,BLR,Domestic,A320,VT-FBK,T3,B2,Departed,15/10/2024 17:29,15/10/2024 17:29,15/10/2024 19:29,15/10/2024 22:29,15/10/2024,17,235,213,90.78712158416894,4,48.01155355266398,12.002888388165996,7,5,71.43,76,0,22,0,WX,On-Time,0,35.36,MEDIUM
6E-3239,IndiGo,6E,DEL,DXB,Long-Haul Intl,A320,VT-YJG,T3,B8,Departed,07/10/2024 09:25,07/10/2024 09:25,07/10/2024 13:25,07/10/2024 13:25,07/10/2024,9,220,185,84.14681976636483,2,42.65366790154758,21.32683395077379,8,8,100,60,0,201,0,TURNAROUND,On-Time,0,17.55,LOW
UK-7566,Vistara,UK,DEL,HYD,Domestic,A350,VT-VIA,T3,B28,Departed,04/12/2024 17:09,04/12/2024 17:09,05/12/2024 00:09,04/12/2024 19:09,04/12/2024,17,187,166,89.21810364264805,1,20.71764972,20.71764972,7,7,100,48,3,225,0,CREW,On-Time,0,39.56,MEDIUM
QR-1113,Qatar Airways,QR,DEL,DXB,Long-Haul Intl,B737,VT-OEA,T3,B35,Departed,29/11/2024 01:29,29/11/2024 01:29,29/11/2024 05:29,29/11/2024 10:29,29/11/2024,1,295,258,87.48934324050263,0,0,0,6,6,100,91,1,83,0,ATC,On-Time,0,24.09,LOW
AI-8457,Air India,AI,DEL,KUL,Long-Haul Intl,A320,VT-JVN,T3,B1,Departed,27/10/2024 08:52,27/10/2024 08:52,27/10/2024 10:52,27/10/2024 14:52,27/10/2024,8,305,256,84.16654976946283,2,61.44279751493899,30.721398757469494,10,7,70,71,2,59,0,ATC,On-Time,0,47.44,MEDIUM
LH-7321,Lufthansa,LH,DEL,DOH,Long-Haul Intl,A320,VT-LIZ,T3,B36,Departed,15/12/2024 05:18,15/12/2024 05:48,15/12/2024 09:18,15/12/2024 14:48,15/12/2024,5,254,200,78.89662228189648,2,61.32955201449556,30.66477600724778,10,10,100,92,0,78,30,WX,Moderate,1,17.53,LOW
QR-3991,Qatar Airways,QR,DEL,BOM,Domestic,B787,VT-BLH,T3,B8,Departed,16/12/2024 23:40,16/12/2024 23:40,17/12/2024 07:40,17/12/2024 01:40,16/12/2024,23,324,282,87.15277097,2,25.572764676272108,12.786382338136054,9,7,77.78,55,0,202,0,TURNAROUND,On-Time,0,24.76,LOW
LH-6972,Lufthansa,LH,DEL,CCU,Domestic,B787,VT-DRY,T3,B37,Departed,26/10/2024 18:58,26/10/2024 21:28,27/10/2024 00:58,27/10/2024 07:28,26/10/2024,18,307,236,77.03486930828454,4,91.12092194427498,22.780230486068746,12,9,75,37,0,81,150,TECH,Moderate,1,42.75,MEDIUM
BA-9066,British Airways,BA,DEL,AMS,Long-Haul Intl,B737,VT-BJT,T3,B45,Departed,24/10/2024 09:50,24/10/2024 10:20,24/10/2024 17:50,24/10/2024 16:20,24/10/2024,9,206,181,87.95394715086336,1,13.748093543386968,13.748093543386968,7,7,100,71,0,151,30,TECH,Moderate,1,18.24,LOW
QR-8306,Qatar Airways,QR,DEL,LHR,Long-Haul Intl,B787,VT-TIN,T3,B34,Departed,02/11/2024 17:14,02/11/2024 17:14,02/11/2024 23:14,02/11/2024 23:14,02/11/2024,17,185,157,85.00587080827403,5,94.97226508050417,18.994453016100834,6,6,100,83,1,79,0,TECH,On-Time,0,27.25,LOW
LH-4324,Lufthansa,LH,DEL,MAA,Domestic,A350,VT-XPE,T3,B30,Departed,15/12/2024 09:13,15/12/2024 09:13,15/12/2024 13:13,15/12/2024 16:13,15/12/2024,9,170,141,83.33364923,5,97.86979856600743,19.573959713201486,9,5,55.56,53,3,135,0,CREW,On-Time,0,57.11,MEDIUM
AF-2288,Air France,AF,DEL,SIN,Long-Haul Intl,A350,VT-CVA,T3,B9,Departed,30/10/2024 07:34,30/10/2024 07:34,30/10/2024 13:34,30/10/2024 10:34,30/10/2024,7,160,138,86.81414587,1,8.544033260680315,8.544033260680315,8,8,100,46,0,94,0,TECH,On-Time,0,32.17,LOW
BA-9644,British Airways,BA,DEL,MAA,Domestic,B787,VT-LEG,T3,B21,Departed,12/11/2024 16:28,12/11/2024 16:28,12/11/2024 23:28,13/11/2024 02:28,12/11/2024,16,298,262,87.9975676,1,6.403901894084444,6.403901894084444,9,9,100,95,0,141,0,ATC,On-Time,0,10.75,LOW
UK-9821,Vistara,UK,DEL,LHR,Long-Haul Intl,B787,VT-YOK,T3,B30,Departed,27/11/2024 20:35,27/11/2024 21:35,28/11/2024 05:35,27/11/2024 23:35,27/11/2024,20,293,261,89.28318589907565,1,21.64892437047743,21.64892437047743,9,4,44.44,75,0,126,60,CREW,Moderate,1,33,LOW
KL-4982,KLM,KL,DEL,AMS,Long-Haul Intl,B737,VT-KWN,T3,B34,Departed,21/11/2024 08:16,21/11/2024 08:16,21/11/2024 10:16,21/11/2024 14:16,21/11/2024,8,228,210,92.32319966377264,5,105.51724591101805,21.10344918220361,7,6,85.71,67,0,115,0,TECH,On-Time,0,26.49,LOW
QR-1436,Qatar Airways,QR,DEL,BLR,Domestic,A350,VT-CSE,T3,B20,Departed,30/12/2024 02:54,30/12/2024 02:54,30/12/2024 05:54,30/12/2024 09:54,30/12/2024,2,253,183,72.37924477592965,5,123.55872574601273,24.711745149202546,8,8,100,84,0,110,0,TURNAROUND,On-Time,0,17.42,LOW
AF-891,Air France,AF,DEL,LHR,Long-Haul Intl,B737,VT-CKL,T3,B4,Departed,04/10/2024 11:23,04/10/2024 11:23,04/10/2024 19:23,04/10/2024 16:23,04/10/2024,11,238,217,91.29320215985952,2,26.519105843882997,13.259552921941498,9,9,100,67,0,177,0,CREW,On-Time,0,17.28,LOW
SQ-8606,Singapore Airlines,SQ,DEL,SIN,Long-Haul Intl,B787,VT-ZSI,T3,B39,Departed,27/11/2024 14:13,27/11/2024 14:13,27/11/2024 16:13,27/11/2024 19:13,27/11/2024,14,278,219,79.08325542,7,133.98058373143385,19.140083390204836,6,6,100,58,1,149,0,ATC,On-Time,0,29.64,LOW
AI-9289,Air India,AI,DEL,FRA,Long-Haul Intl,B787,VT-HAQ,T3,B41,Departed,08/10/2024 03:17,08/10/2024 04:17,08/10/2024 09:17,08/10/2024 14:17,08/10/2024,3,217,170,78.75248538162741,3,67.58496708,22.528322361391464,6,6,100,95,0,81,60,CREW,Moderate,1,16.2,LOW
LH-7311,Lufthansa,LH,DEL,CDG,Long-Haul Intl,B787,VT-LPQ,T3,B2,Departed,04/10/2024 08:44,04/10/2024 11:14,04/10/2024 16:44,04/10/2024 15:14,04/10/2024,8,338,332,98.31072008223992,3,51.83036404129033,17.276788013763444,10,9,90,95,0,68,150,TURNAROUND,Moderate,1,19.89,LOW
6E-2372,IndiGo,6E,DEL,JFK,Long-Haul Intl,B787,VT-RBN,T3,B23,Departed,23/12/2024 00:58,23/12/2024 00:58,23/12/2024 05:58,23/12/2024 03:58,23/12/2024,0,197,160,81.37488989,3,47.013051854803905,15.671017284934635,8,8,100,62,1,156,0,WX,On-Time,0,27.6,LOW
SG-4262,SpiceJet,SG,DEL,SIN,Long-Haul Intl,B787,VT-QCW,T3,B11,Departed,21/12/2024 01:18,21/12/2024 01:18,21/12/2024 06:18,21/12/2024 05:18,21/12/2024,1,165,138,83.85230205,2,42.79834053273648,21.39917026636824,8,4,50,92,1,111,0,WX,On-Time,0,33.69,LOW
6E-8373,IndiGo,6E,DEL,AMS,Long-Haul Intl,B787,VT-KNJ,T3,B23,Departed,16/12/2024 14:06,16/12/2024 14:06,16/12/2024 23:06,16/12/2024 21:06,16/12/2024,14,321,276,85.99319047561104,1,8.491273224513318,8.491273224513318,10,10,100,77,1,178,0,TURNAROUND,On-Time,0,20.35,LOW
6E-2400,IndiGo,6E,DEL,CCU,Domestic,B787,VT-PTR,T3,B16,Departed,02/11/2024 14:54,02/11/2024 15:54,02/11/2024 22:54,02/11/2024 18:54,02/11/2024,14,199,161,81.23515690781704,2,25.526135750193973,12.763067875096986,9,6,66.67,75,3,143,60,TECH,Moderate,1,45.9,MEDIUM
AI-9760,Air India,AI,DEL,DXB,Long-Haul Intl,B787,VT-WUS,T3,B16,Departed,06/12/2024 09:19,06/12/2024 09:19,06/12/2024 12:19,06/12/2024 13:19,06/12/2024,9,208,193,92.97225109,3,31.878517695481857,10.62617256516062,8,7,87.5,73,3,80,0,ATC,On-Time,0,47.12,MEDIUM
EK-8712,Emirates,EK,DEL,DOH,Long-Haul Intl,B787,VT-CTD,T3,B5,Departed,13/11/2024 02:21,13/11/2024 02:21,13/11/2024 09:21,13/11/2024 12:21,13/11/2024,2,329,303,92.17013315575808,3,70.75648276234097,23.585494254113655,6,4,66.67,83,1,226,0,ATC,On-Time,0,22.22,LOW
QR-3278,Qatar Airways,QR,DEL,CCU,Domestic,B737,VT-TEY,T3,B40,Departed,31/10/2024 14:54,31/10/2024 14:54,31/10/2024 19:54,31/10/2024 21:54,31/10/2024,14,340,271,79.75648037948814,3,66.23565164382777,22.078550547942587,6,6,100,51,0,67,0,CREW,On-Time,0,32.88,LOW
LH-5870,Lufthansa,LH,DEL,CDG,Long-Haul Intl,A350,VT-DZW,T3,B45,Departed,14/10/2024 06:18,14/10/2024 06:18,14/10/2024 12:18,14/10/2024 11:18,14/10/2024,6,299,286,95.85760375280697,4,81.97817322,20.494543305772076,7,5,71.43,99,0,172,0,TECH,On-Time,0,13.67,LOW
LH-9305,Lufthansa,LH,DEL,KUL,Long-Haul Intl,B737,VT-XED,T3,B6,Departed,09/11/2024 02:01,09/11/2024 02:01,09/11/2024 05:01,09/11/2024 11:01,09/11/2024,2,278,249,89.91220622456359,3,58.26673273,19.42224424,8,5,62.5,39,0,183,0,ATC,On-Time,0,35.91,MEDIUM
SG-415,SpiceJet,SG,DEL,KUL,Long-Haul Intl,A350,VT-VMJ,T3,B10,Departed,25/11/2024 21:44,25/11/2024 21:44,26/11/2024 01:44,26/11/2024 07:44,25/11/2024,21,180,155,86.11982676759207,2,14.410329721416925,7.205164860708463,9,4,44.44,36,0,155,0,ATC,On-Time,0,44.02,MEDIUM
AI-3788,Air India,AI,DEL,DXB,Long-Haul Intl,B737,VT-ROU,T3,B37,Departed,13/12/2024 20:39,13/12/2024 20:39,14/12/2024 05:39,14/12/2024 02:39,13/12/2024,20,220,169,76.96444821551025,3,36.87038109311713,12.290127031039043,10,10,100,56,3,220,0,ATC,On-Time,0,37.22,MEDIUM
EK-4069,Emirates,EK,DEL,DXB,Long-Haul Intl,B787,VT-MOQ,T3,B44,Departed,13/11/2024 07:06,13/11/2024 07:36,13/11/2024 17:06,13/11/2024 16:36,13/11/2024,7,298,280,94.08745061833672,1,13.675167858504366,13.675167858504366,10,6,60,91,1,77,30,CREW,Moderate,1,34.63,LOW
UK-1162,Vistara,UK,DEL,JFK,Long-Haul Intl,B787,VT-XVU,T3,B27,Departed,16/10/2024 15:37,16/10/2024 16:07,16/10/2024 19:37,16/10/2024 23:07,16/10/2024,15,265,229,86.64809525641691,1,17.99679519128536,17.99679519128536,9,6,66.67,100,2,120,30,CREW,Moderate,1,32.57,LOW
6E-9334,IndiGo,6E,DEL,BOM,Domestic,B737,VT-UKS,T3,B24,Departed,03/12/2024 20:58,03/12/2024 20:58,04/12/2024 01:58,03/12/2024 23:58,03/12/2024,20,216,187,86.84358140152897,4,76.18314451213641,19.045786128034102,12,9,75,50,2,131,0,TURNAROUND,On-Time,0,46.99,MEDIUM
LH-3880,Lufthansa,LH,DEL,BOM,Domestic,A320,VT-JTB,T3,B3,Departed,02/12/2024 05:38,02/12/2024 06:08,02/12/2024 13:38,02/12/2024 10:08,02/12/2024,5,236,236,100.0293247553652,1,27.695054405499214,27.695054405499214,11,11,100,85,1,192,30,TECH,Moderate,1,16.28,LOW
IX-1705,Air India Express,IX,DEL,LHR,Long-Haul Intl,B787,VT-CLE,T3,B43,Departed,22/10/2024 14:22,22/10/2024 14:22,22/10/2024 16:22,23/10/2024 00:22,22/10/2024,14,242,224,92.70031106,3,38.146795454322245,12.715598484774082,7,7,100,73,0,81,0,WX,On-Time,0,23.9,LOW
SG-8414,SpiceJet,SG,DEL,JFK,Long-Haul Intl,A350,VT-UXD,T3,B38,Departed,06/12/2024 00:23,06/12/2024 00:23,06/12/2024 06:23,06/12/2024 10:23,06/12/2024,0,325,323,99.53229107236557,4,50.73758238384359,12.684395595960897,10,10,100,74,3,58,0,TECH,On-Time,0,45.65,MEDIUM
KL-7342,KLM,KL,DEL,HYD,Domestic,A350,VT-LLW,T3,B43,Departed,22/10/2024 09:05,22/10/2024 10:05,22/10/2024 13:05,22/10/2024 19:05,22/10/2024,9,190,144,76.13022703893758,5,70.76147390721478,14.152294781442956,8,7,87.5,72,3,77,60,CREW,Moderate,1,47.74,MEDIUM
SQ-3512,Singapore Airlines,SQ,DEL,CDG,Long-Haul Intl,B737,VT-NRZ,T3,B35,Departed,11/12/2024 17:23,11/12/2024 17:23,11/12/2024 19:23,12/12/2024 02:23,11/12/2024,17,207,165,79.88019913600068,3,54.421896057075266,18.140632019025087,7,7,100,94,0,228,0,TECH,On-Time,0,3.19,LOW
LH-5926,Lufthansa,LH,DEL,CCU,Domestic,A320,VT-QUM,T3,B48,Departed,25/12/2024 19:22,25/12/2024 19:22,26/12/2024 00:22,26/12/2024 02:22,25/12/2024,19,201,182,90.86679337992464,2,38.88410556400416,19.44205278200208,8,5,62.5,93,2,118,0,CREW,On-Time,0,36.25,MEDIUM
SG-5368,SpiceJet,SG,DEL,JFK,Long-Haul Intl,A320,VT-DKE,T3,B29,Departed,08/12/2024 09:36,08/12/2024 09:36,08/12/2024 14:36,08/12/2024 17:36,08/12/2024,9,192,166,86.47541424403782,3,73.80233133726954,24.600777112423177,12,12,100,44,0,230,0,TECH,On-Time,0,20.51,LOW
SG-6105,SpiceJet,SG,DEL,SIN,Long-Haul Intl,A350,VT-UNB,T3,B26,Departed,19/10/2024 15:36,19/10/2024 16:36,19/10/2024 23:36,19/10/2024 20:36,19/10/2024,15,210,203,96.80175334331184,1,12.379202534594782,12.379202534594782,6,6,100,98,0,211,60,ATC,Moderate,1,3.34,LOW
IX-923,Air India Express,IX,DEL,DOH,Long-Haul Intl,B787,VT-GLD,T3,B50,Departed,27/12/2024 23:59,27/12/2024 23:59,28/12/2024 07:59,28/12/2024 06:59,27/12/2024,23,263,214,81.57662207634975,4,82.65923192631534,20.664807981578836,7,6,85.71,97,0,63,0,CREW,On-Time,0,20.71,LOW
LH-1569,Lufthansa,LH,DEL,KUL,Long-Haul Intl,A320,VT-WEZ,T3,B21,Departed,26/11/2024 18:19,26/11/2024 19:19,26/11/2024 22:19,27/11/2024 04:19,26/11/2024,18,177,156,88.49334204528948,2,46.75951437073857,23.379757185369286,10,10,100,83,0,48,60,TURNAROUND,Moderate,1,23.4,LOW
AF-6113,Air France,AF,DEL,HYD,Domestic,B787,VT-GIM,T3,B19,Departed,30/12/2024 04:57,30/12/2024 04:57,30/12/2024 14:57,30/12/2024 13:57,30/12/2024,4,338,280,83.01637320491784,3,51.40806421626504,17.13602140542168,7,6,85.71,98,1,78,0,TECH,On-Time,0,25.67,LOW
AI-1398,Air India,AI,DEL,MAA,Domestic,B737,VT-MRI,T3,B17,Departed,14/10/2024 17:20,14/10/2024 17:20,14/10/2024 23:20,14/10/2024 23:20,14/10/2024,17,245,201,82.40991065106068,0,0,0,7,7,100,66,1,90,0,CREW,On-Time,0,32.2,LOW
SG-9511,SpiceJet,SG,DEL,AMS,Long-Haul Intl,A350,VT-PXG,T3,B49,Departed,06/11/2024 13:38,06/11/2024 13:38,06/11/2024 16:38,06/11/2024 17:38,06/11/2024,13,258,212,82.32380431892989,5,111.97364501872887,22.394729003745773,7,5,71.43,41,1,111,0,CREW,On-Time,0,46.19,MEDIUM
KL-9999,KLM,KL,DEL,SIN,Long-Haul Intl,A350,VT-ZEV,T3,B25,Departed,05/11/2024 18:10,05/11/2024 18:10,06/11/2024 01:10,05/11/2024 20:10,05/11/2024,18,289,215,74.69053240214663,2,40.55042549922672,20.27521274961336,11,11,100,55,0,28,0,WX,On-Time,0,35.02,MEDIUM
6E-7834,IndiGo,6E,DEL,SIN,Long-Haul Intl,A320,VT-GPI,T3,B24,Departed,06/10/2024 02:14,06/10/2024 02:14,06/10/2024 11:14,06/10/2024 07:14,06/10/2024,2,262,233,89.03227951605203,2,30.496135439924537,15.248067719962268,7,7,100,54,0,146,0,ATC,On-Time,0,24.65,LOW
SG-7500,SpiceJet,SG,DEL,MAA,Domestic,A320,VT-HEU,T3,B24,Departed,16/11/2024 21:53,16/11/2024 21:53,17/11/2024 01:53,16/11/2024 23:53,16/11/2024,21,225,180,80.11954646,1,29.61465547791469,29.61465547791469,8,8,100,60,2,239,0,WX,On-Time,0,27.42,LOW
AF-1891,Air France,AF,DEL,BOM,Domestic,A320,VT-LXZ,T3,B34,Departed,08/11/2024 06:09,08/11/2024 06:09,08/11/2024 12:09,08/11/2024 13:09,08/11/2024,6,264,172,65.51155646614177,3,44.61956362220654,14.873187874068847,6,6,100,49,0,153,0,TURNAROUND,On-Time,0,25.76,LOW
AF-3841,Air France,AF,DEL,LHR,Long-Haul Intl,A350,VT-ASD,T3,B45,Departed,25/12/2024 23:06,25/12/2024 23:06,26/12/2024 07:06,26/12/2024 02:06,25/12/2024,23,183,158,86.83746265577577,3,47.844989137108854,15.948329712369619,12,5,41.67,48,0,176,0,WX,On-Time,0,38.6,MEDIUM
SG-8035,SpiceJet,SG,DEL,CCU,Domestic,B737,VT-KKR,T3,B29,Departed,03/12/2024 20:16,03/12/2024 21:16,04/12/2024 02:16,04/12/2024 03:16,03/12/2024,20,223,190,85.64123933661861,2,32.90471757343853,16.452358786719266,9,9,100,61,2,205,60,ATC,Moderate,1,30.17,LOW
LH-286,Lufthansa,LH,DEL,LHR,Long-Haul Intl,B737,VT-PAK,T3,B40,Departed,07/12/2024 00:05,07/12/2024 00:35,07/12/2024 02:05,07/12/2024 05:35,07/12/2024,0,336,274,81.58619171048481,0,0,0,7,7,100,74,0,164,30,WX,Moderate,1,16.01,LOW
SG-4302,SpiceJet,SG,DEL,BLR,Domestic,A320,VT-RAX,T3,B19,Departed,24/10/2024 03:16,24/10/2024 04:16,24/10/2024 06:16,24/10/2024 10:16,24/10/2024,3,314,245,78.27592282,3,57.78208098702664,19.260693662342213,10,10,100,92,0,163,60,TURNAROUND,Moderate,1,9.8,LOW
AF-9304,Air France,AF,DEL,BLR,Domestic,A350,VT-JTD,T3,B18,Departed,30/12/2024 23:28,30/12/2024 23:28,31/12/2024 04:28,31/12/2024 06:28,30/12/2024,23,221,168,76.10970645929807,4,92.83927249,23.209818122327125,7,7,100,62,3,234,0,TURNAROUND,On-Time,0,33.85,LOW
QR-9087,Qatar Airways,QR,DEL,AMS,Long-Haul Intl,A320,VT-SNB,T3,B38,Departed,19/12/2024 21:14,19/12/2024 21:44,20/12/2024 06:14,20/12/2024 02:44,19/12/2024,21,205,171,83.45294258893713,3,36.58992666,12.19664222,10,5,50,60,1,150,30,CREW,Moderate,1,41.35,MEDIUM
LH-1283,Lufthansa,LH,DEL,DXB,Long-Haul Intl,A320,VT-UPH,T3,B46,Departed,26/10/2024 12:59,26/10/2024 12:59,26/10/2024 19:59,26/10/2024 17:59,26/10/2024,12,237,172,72.91591313567255,5,84.17891489621044,16.83578297924209,8,8,100,97,0,40,0,CREW,On-Time,0,19.23,LOW
BA-4457,British Airways,BA,DEL,BOM,Domestic,B787,VT-PCJ,T3,B1,Departed,13/10/2024 02:11,13/10/2024 02:11,13/10/2024 08:11,13/10/2024 06:11,13/10/2024,2,182,155,85.69013029497698,2,48.29127153725118,24.14563576862559,10,8,80,100,1,83,0,TECH,On-Time,0,25.94,LOW
IX-3170,Air India Express,IX,DEL,CDG,Long-Haul Intl,B737,VT-LST,T3,B37,Departed,19/11/2024 05:56,19/11/2024 05:56,19/11/2024 14:56,19/11/2024 13:56,19/11/2024,5,185,183,99.09188439357358,1,7.577286493292787,7.577286493292787,9,8,88.89,59,2,109,0,WX,On-Time,0,42.37,MEDIUM
EK-629,Emirates,EK,DEL,DOH,Long-Haul Intl,B737,VT-KVI,T3,B9,Departed,29/10/2024 20:18,29/10/2024 20:18,30/10/2024 00:18,30/10/2024 03:18,29/10/2024,20,289,252,87.33663378986886,2,50.64952985673213,25.324764928366065,6,4,66.67,37,1,55,0,TECH,On-Time,0,53.87,MEDIUM
IX-8361,Air India Express,IX,DEL,DXB,Long-Haul Intl,B787,VT-LFL,T3,B47,Departed,02/12/2024 15:02,02/12/2024 15:02,02/12/2024 21:02,02/12/2024 17:02,02/12/2024,15,241,184,76.40551768995543,5,89.2852232,17.85704464036564,10,5,50,78,2,233,0,ATC,On-Time,0,34.17,LOW
KL-3218,KLM,KL,DEL,BOM,Domestic,A350,VT-SHM,T3,B46,Departed,16/12/2024 21:38,16/12/2024 21:38,17/12/2024 01:38,17/12/2024 06:38,16/12/2024,21,296,233,79.01547301187586,3,74.46597661561962,24.82199220520654,10,10,100,76,2,81,0,WX,On-Time,0,36.19,MEDIUM
UK-8138,Vistara,UK,DEL,JFK,Long-Haul Intl,A350,VT-VII,T3,B47,Departed,05/11/2024 01:38,05/11/2024 01:38,05/11/2024 11:38,05/11/2024 03:38,05/11/2024,1,216,192,89.07320245392515,1,19.393551889692823,19.393551889692823,6,6,100,40,2,189,0,TURNAROUND,On-Time,0,38.97,MEDIUM
UK-6716,Vistara,UK,DEL,KUL,Long-Haul Intl,A320,VT-XVC,T3,B46,Departed,09/12/2024 03:40,09/12/2024 03:40,09/12/2024 10:40,09/12/2024 11:40,09/12/2024,3,198,167,84.81592070771673,2,22.523909588240386,11.261954794120193,9,6,66.67,73,2,95,0,TECH,On-Time,0,44.3,MEDIUM
KL-8076,KLM,KL,DEL,KUL,Long-Haul Intl,A350,VT-QZN,T3,B19,Departed,07/12/2024 06:07,07/12/2024 07:07,07/12/2024 09:07,07/12/2024 15:07,07/12/2024,6,163,150,92.43419191479238,2,47.153363563273814,23.576681781636907,7,7,100,86,2,189,60,CREW,Moderate,1,22.87,LOW
QR-3029,Qatar Airways,QR,DEL,DXB,Long-Haul Intl,B737,VT-TIV,T3,B31,Departed,24/10/2024 21:34,24/10/2024 22:04,25/10/2024 02:34,25/10/2024 06:04,24/10/2024,21,161,133,82.61353996699599,5,90.93202572477378,18.186405144954755,10,10,100,57,0,208,30,TURNAROUND,Moderate,1,17.96,LOW
SQ-9123,Singapore Airlines,SQ,DEL,BLR,Domestic,A350,VT-RCV,T3,B34,Departed,26/12/2024 12:21,26/12/2024 12:51,26/12/2024 19:21,26/12/2024 18:51,26/12/2024,12,300,283,94.63710393604916,1,18.06835814170253,18.06835814170253,6,5,83.33,84,2,32,30,ATC,Moderate,1,42.01,MEDIUM
AI-9070,Air India,AI,DEL,DOH,Long-Haul Intl,A320,VT-CQR,T3,B3,Departed,07/10/2024 10:30,07/10/2024 10:30,07/10/2024 15:30,07/10/2024 17:30,07/10/2024,10,164,145,88.86547656998366,0,0,0,8,8,100,77,0,30,0,TECH,On-Time,0,27.14,LOW
SG-6391,SpiceJet,SG,DEL,LHR,Long-Haul Intl,B737,VT-KDR,T3,B8,Departed,08/10/2024 02:36,08/10/2024 02:36,08/10/2024 04:36,08/10/2024 06:36,08/10/2024,2,229,202,88.24708101985048,5,118.54490568401633,23.708981136803267,6,4,66.67,53,2,73,0,CREW,On-Time,0,53.3,MEDIUM
LH-1195,Lufthansa,LH,DEL,BOM,Domestic,B787,VT-YNW,T3,B6,Departed,17/12/2024 17:55,17/12/2024 18:25,18/12/2024 00:55,17/12/2024 23:25,17/12/2024,17,298,233,78.47736462447345,0,0,0,8,8,100,85,1,35,30,TECH,Moderate,1,30.55,LOW
SG-118,SpiceJet,SG,DEL,FRA,Long-Haul Intl,A320,VT-RGA,T3,B36,Departed,05/10/2024 20:56,05/10/2024 20:56,06/10/2024 00:56,06/10/2024 06:56,05/10/2024,20,169,135,80.38137621594981,6,100.2630576810689,16.710509613511483,9,9,100,45,3,27,0,TURNAROUND,On-Time,0,58.61,MEDIUM
BA-1719,British Airways,BA,DEL,DOH,Long-Haul Intl,B737,VT-BKC,T3,B17,Departed,24/11/2024 08:56,24/11/2024 08:56,24/11/2024 10:56,24/11/2024 14:56,24/11/2024,8,321,324,100.95231908340531,2,36.916890867973194,18.458445433986597,7,6,85.71,46,2,123,0,ATC,On-Time,0,46.44,MEDIUM
BA-5219,British Airways,BA,DEL,CDG,Long-Haul Intl,A350,VT-RKS,T3,B34,Departed,28/11/2024 03:52,28/11/2024 03:52,28/11/2024 09:52,28/11/2024 05:52,28/11/2024,3,283,221,78.43751197611881,2,41.619816776865676,20.809908388432838,6,6,100,42,0,78,0,ATC,On-Time,0,35.03,MEDIUM
KL-4051,KLM,KL,DEL,KUL,Long-Haul Intl,B787,VT-FGJ,T3,B1,Departed,07/11/2024 00:57,07/11/2024 00:57,07/11/2024 03:57,07/11/2024 04:57,07/11/2024,0,264,253,96.06838139645552,2,53.97282589756299,26.986412948781496,12,4,33.33,58,2,76,0,CREW,On-Time,0,59.61,MEDIUM
EK-9144,Emirates,EK,DEL,CDG,Long-Haul Intl,B787,VT-LMO,T3,B15,Departed,22/12/2024 05:53,22/12/2024 06:23,22/12/2024 12:53,22/12/2024 09:23,22/12/2024,5,321,244,76.07246424682316,3,68.74586269372656,22.91528756457552,12,12,100,75,2,59,30,ATC,Moderate,1,38.54,MEDIUM
AI-3761,Air India,AI,DEL,MAA,Domestic,B787,VT-GWS,T3,B42,Departed,04/12/2024 09:40,04/12/2024 09:40,04/12/2024 18:40,04/12/2024 15:40,04/12/2024,9,243,221,91.09172168972609,4,60.95004886347193,15.237512215867982,11,11,100,70,1,206,0,TURNAROUND,On-Time,0,20.26,LOW
AI-9448,Air India,AI,DEL,JFK,Long-Haul Intl,A350,VT-ZDS,T3,B2,Departed,01/12/2024 23:45,01/12/2024 23:45,02/12/2024 05:45,02/12/2024 09:45,01/12/2024,23,325,308,94.89488798161123,5,97.49772361430946,19.49954472286189,10,8,80,89,1,149,0,TURNAROUND,On-Time,0,23.79,LOW
AF-5065,Air France,AF,DEL,SIN,Long-Haul Intl,B787,VT-PPJ,T3,B27,Departed,12/11/2024 07:16,12/11/2024 08:16,12/11/2024 13:16,12/11/2024 15:16,12/11/2024,7,236,200,84.77838595629115,1,27.83511782268177,27.83511782268177,9,7,77.78,43,1,113,60,TECH,Moderate,1,43.72,MEDIUM
AI-9286,Air India,AI,DEL,DOH,Long-Haul Intl,B737,VT-JSF,T3,B26,Departed,14/12/2024 16:36,14/12/2024 17:36,14/12/2024 23:36,15/12/2024 02:36,14/12/2024,16,308,235,76.49670361939768,3,51.723813240989074,17.241271080329692,6,6,100,81,0,223,60,TECH,Moderate,1,8.2,LOW
LH-4567,Lufthansa,LH,DEL,LHR,Long-Haul Intl,A350,VT-VTF,T3,B30,Departed,05/10/2024 09:56,05/10/2024 12:26,05/10/2024 16:56,05/10/2024 22:26,05/10/2024,9,213,199,93.65624661,2,23.800888052908434,11.900444026454217,12,10,83.33,49,1,157,150,WX,Moderate,1,36.23,MEDIUM
AI-943,Air India,AI,DEL,MAA,Domestic,A350,VT-NAN,T3,B32,Departed,04/11/2024 15:00,04/11/2024 15:00,04/11/2024 18:00,04/11/2024 22:00,04/11/2024,15,162,126,78.37739773701257,2,43.173680102856125,21.586840051428062,10,8,80,82,0,63,0,CREW,On-Time,0,27.39,LOW
QR-7721,Qatar Airways,QR,DEL,CCU,Domestic,B737,VT-EOZ,T3,B9,Departed,04/12/2024 10:34,04/12/2024 10:34,04/12/2024 17:34,04/12/2024 20:34,04/12/2024,10,286,257,89.96521722520261,3,48.85109252102992,16.283697507009972,12,12,100,76,0,158,0,TECH,On-Time,0,15.85,LOW
SG-8853,SpiceJet,SG,DEL,FRA,Long-Haul Intl,A320,VT-MWD,T3,B21,Departed,13/12/2024 22:35,13/12/2024 22:35,14/12/2024 05:35,14/12/2024 03:35,13/12/2024,22,260,249,96.02746117104611,3,50.48952991,16.829843302258233,6,6,100,94,0,226,0,WX,On-Time,0,3.37,LOW
6E-3674,IndiGo,6E,DEL,BLR,Domestic,B787,VT-OQV,T3,B17,Departed,19/12/2024 15:14,19/12/2024 15:14,19/12/2024 23:14,19/12/2024 18:14,19/12/2024,15,243,214,88.46130892732984,2,21.387763258068027,10.693881629034014,8,8,100,46,1,99,0,ATC,On-Time,0,38.38,MEDIUM
QR-1494,Qatar Airways,QR,DEL,AMS,Long-Haul Intl,B737,VT-WXM,T3,B33,Departed,03/10/2024 21:49,03/10/2024 21:49,04/10/2024 03:49,03/10/2024 23:49,03/10/2024,21,325,277,85.48868729680802,5,83.74124608337145,16.74824921667429,6,6,100,36,0,100,0,CREW,On-Time,0,35.13,MEDIUM
EK-3183,Emirates,EK,DEL,BOM,Domestic,B787,VT-FUH,T3,B3,Departed,25/11/2024 04:34,25/11/2024 04:34,25/11/2024 13:34,25/11/2024 11:34,25/11/2024,4,229,169,74.04694534523328,2,40.4795236,20.23976179968575,11,10,90.91,41,0,237,0,CREW,On-Time,0,23.2,LOW
QR-7490,Qatar Airways,QR,DEL,CCU,Domestic,B787,VT-HCQ,T3,B16,Departed,19/11/2024 04:59,19/11/2024 04:59,19/11/2024 10:59,19/11/2024 12:59,19/11/2024,4,255,212,83.15670701093238,2,49.90338106805999,24.951690534029996,6,5,83.33,37,3,21,0,TURNAROUND,On-Time,0,66.13,HIGH
6E-5264,IndiGo,6E,DEL,LHR,Long-Haul Intl,A320,VT-DXE,T3,B22,Departed,27/11/2024 02:34,27/11/2024 02:34,27/11/2024 07:34,27/11/2024 11:34,27/11/2024,2,320,248,77.76814709,2,35.75110347192823,17.875551735964116,6,6,100,37,1,197,0,ATC,On-Time,0,32.63,LOW
LH-7208,Lufthansa,LH,DEL,FRA,Long-Haul Intl,B737,VT-TQF,T3,B2,Departed,05/10/2024 04:39,05/10/2024 04:39,05/10/2024 14:39,05/10/2024 07:39,05/10/2024,4,214,195,91.41461914457491,2,20.461166542660443,10.230583271330222,11,5,45.45,61,1,159,0,TURNAROUND,On-Time,0,41.32,MEDIUM
BA-5520,British Airways,BA,DEL,BOM,Domestic,B737,VT-LKZ,T3,B26,Departed,14/10/2024 14:30,14/10/2024 15:00,14/10/2024 21:30,14/10/2024 20:00,14/10/2024,14,198,133,67.30220083645074,7,117.1989279605801,16.742703994368586,9,9,100,74,2,134,30,ATC,Moderate,1,32.07,LOW
BA-8603,British Airways,BA,DEL,BLR,Domestic,A350,VT-UDS,T3,B38,Departed,14/11/2024 15:36,14/11/2024 15:36,14/11/2024 23:36,14/11/2024 18:36,14/11/2024,15,262,196,75.13366344163593,3,57.93181883,19.310606276475166,6,5,83.33,67,0,109,0,WX,On-Time,0,27.63,LOW
AI-8327,Air India,AI,DEL,AMS,Long-Haul Intl,A350,VT-EMP,T3,B15,Departed,27/11/2024 19:12,27/11/2024 19:12,28/11/2024 03:12,28/11/2024 00:12,27/11/2024,19,333,286,86.08956081,2,32.34160412191123,16.170802060955616,11,4,36.36,35,1,42,0,TECH,On-Time,0,63.33,HIGH
QR-7430,Qatar Airways,QR,DEL,KUL,Long-Haul Intl,A320,VT-TUR,T3,B37,Departed,03/12/2024 17:17,03/12/2024 17:17,03/12/2024 19:17,03/12/2024 19:17,03/12/2024,17,202,175,86.66143700079708,4,74.72529246693264,18.68132311673316,10,10,100,42,0,165,0,CREW,On-Time,0,27.12,LOW
SG-2817,SpiceJet,SG,DEL,AMS,Long-Haul Intl,A320,VT-ZOH,T3,B15,Departed,01/11/2024 02:41,01/11/2024 02:41,01/11/2024 08:41,01/11/2024 12:41,01/11/2024,2,301,274,91.28529084894568,2,41.15200881851649,20.576004409258246,8,4,50,66,1,81,0,ATC,On-Time,0,45.52,MEDIUM
SQ-3815,Singapore Airlines,SQ,DEL,JFK,Long-Haul Intl,A350,VT-RQJ,T3,B11,Departed,16/10/2024 03:22,16/10/2024 03:22,16/10/2024 13:22,16/10/2024 06:22,16/10/2024,3,188,192,102.46351997387168,2,35.721724428486624,17.860862214243312,8,8,100,82,0,132,0,TECH,On-Time,0,16.12,LOW
LH-8706,Lufthansa,LH,DEL,JFK,Long-Haul Intl,B787,VT-RVS,T3,B28,Departed,02/10/2024 14:39,02/10/2024 14:39,03/10/2024 00:39,02/10/2024 20:39,02/10/2024,14,335,289,86.48164688398903,5,109.38424085889864,21.876848171779727,6,5,83.33,38,0,147,0,CREW,On-Time,0,34.32,LOW
EK-5370,Emirates,EK,DEL,KUL,Long-Haul Intl,A320,VT-FHS,T3,B22,Departed,10/10/2024 11:43,10/10/2024 11:43,10/10/2024 13:43,10/10/2024 19:43,10/10/2024,11,315,330,105,1,14.876107482746708,14.876107482746708,9,9,100,53,2,81,0,TECH,On-Time,0,44.24,MEDIUM
EK-4301,Emirates,EK,DEL,HYD,Domestic,B787,VT-OPY,T3,B3,Departed,25/11/2024 06:19,25/11/2024 06:19,25/11/2024 12:19,25/11/2024 12:19,25/11/2024,6,228,202,88.94900799,5,98.53342346954068,19.706684693908137,9,6,66.67,66,0,57,0,CREW,On-Time,0,36.87,MEDIUM
AF-8572,Air France,AF,DEL,BOM,Domestic,A350,VT-IGG,T3,B13,Departed,24/11/2024 08:27,24/11/2024 08:27,24/11/2024 14:27,24/11/2024 18:27,24/11/2024,8,192,153,79.82426835882134,5,88.64774593,17.72954918569832,10,9,90,43,1,214,0,TECH,On-Time,0,31.48,LOW
6E-3182,IndiGo,6E,DEL,MAA,Domestic,B737,VT-OUT,T3,B26,Departed,08/10/2024 23:15,09/10/2024 01:45,09/10/2024 07:15,09/10/2024 04:45,08/10/2024,23,231,206,89.23468623423666,1,10.220357428328306,10.220357428328306,6,6,100,46,0,185,150,WX,Moderate,1,23.9,LOW
6E-6659,IndiGo,6E,DEL,LHR,Long-Haul Intl,B787,VT-CDN,T3,B2,Departed,08/10/2024 05:25,08/10/2024 05:25,08/10/2024 09:25,08/10/2024 13:25,08/10/2024,5,292,235,80.74193081075872,5,73.6268102,14.72536204,8,8,100,45,1,214,0,CREW,On-Time,0,28.28,LOW
IX-4219,Air India Express,IX,DEL,BLR,Domestic,B787,VT-MJX,T3,B18,Departed,03/10/2024 08:35,03/10/2024 08:35,03/10/2024 16:35,03/10/2024 10:35,03/10/2024,8,171,126,74.15372949270733,2,50.39575250868878,25.19787625434439,9,9,100,80,0,80,0,TURNAROUND,On-Time,0,21.55,LOW
QR-7290,Qatar Airways,QR,DEL,SIN,Long-Haul Intl,A350,VT-FFB,T3,B40,Departed,14/11/2024 20:38,14/11/2024 21:08,15/11/2024 04:38,15/11/2024 00:08,14/11/2024,20,168,174,104.16419450363708,5,104.64025447139173,20.928050894278346,6,5,83.33,50,0,148,30,CREW,Moderate,1,30.03,LOW
AF-3637,Air France,AF,DEL,MAA,Domestic,A350,VT-FMC,T3,B36,Departed,03/11/2024 17:25,03/11/2024 17:25,04/11/2024 03:25,03/11/2024 19:25,03/11/2024,17,213,223,105,4,57.25608625337719,14.314021563344298,12,8,66.67,35,0,192,0,CREW,On-Time,0,35.45,MEDIUM
SQ-7499,Singapore Airlines,SQ,DEL,HYD,Domestic,A350,VT-XDT,T3,B35,Departed,28/12/2024 11:53,28/12/2024 11:53,28/12/2024 20:53,28/12/2024 16:53,28/12/2024,11,235,189,80.83522011559094,0,0,0,9,9,100,97,3,175,0,TURNAROUND,On-Time,0,26.96,LOW
UK-9641,Vistara,UK,DEL,DOH,Long-Haul Intl,B737,VT-VDF,T3,B39,Departed,28/12/2024 05:01,28/12/2024 05:31,28/12/2024 08:01,28/12/2024 08:31,28/12/2024,5,163,143,88.18670277,3,37.36107401882815,12.453691339609383,11,7,63.64,55,3,168,30,CREW,Moderate,1,51.39,MEDIUM
IX-4639,Air India Express,IX,DEL,JFK,Long-Haul Intl,B737,VT-ILK,T3,B9,Departed,20/11/2024 04:55,20/11/2024 05:55,20/11/2024 10:55,20/11/2024 11:55,20/11/2024,4,161,144,89.88649247730923,1,23.289514883033974,23.289514883033974,12,7,58.33,64,2,141,60,CREW,Moderate,1,45.35,MEDIUM
6E-3574,IndiGo,6E,DEL,MAA,Domestic,B737,VT-VQK,T3,B21,Departed,08/12/2024 12:49,08/12/2024 13:19,08/12/2024 18:49,08/12/2024 21:19,08/12/2024,12,190,154,81.15698088682764,4,81.08952574456866,20.272381436142165,9,7,77.78,47,2,129,30,ATC,Moderate,1,47.53,MEDIUM
IX-7933,Air India Express,IX,DEL,DXB,Long-Haul Intl,A320,VT-GKI,T3,B48,Departed,09/11/2024 19:06,09/11/2024 19:06,10/11/2024 00:06,10/11/2024 04:06,09/11/2024,19,164,134,82.00729756948111,2,48.791358999748475,24.395679499874237,8,5,62.5,68,0,32,0,TURNAROUND,On-Time,0,39.48,MEDIUM
KL-9081,KLM,KL,DEL,AMS,Long-Haul Intl,B737,VT-CAU,T3,B2,Departed,04/10/2024 06:50,04/10/2024 07:20,04/10/2024 12:50,04/10/2024 15:20,04/10/2024,6,234,242,103.84412431134578,4,74.03996414556602,18.509991036391504,7,7,100,38,0,174,30,TECH,Moderate,1,27.7,LOW
6E-6440,IndiGo,6E,DEL,AMS,Long-Haul Intl,A350,VT-THR,T3,B18,Departed,08/11/2024 18:52,08/11/2024 21:22,09/11/2024 02:52,09/11/2024 03:22,08/11/2024,18,277,238,86.18428498901012,2,14.969251848753183,7.484625924376592,12,4,33.33,62,2,119,150,ATC,Moderate,1,54.3,MEDIUM
SG-9224,SpiceJet,SG,DEL,BLR,Domestic,A350,VT-VMU,T3,B44,Departed,22/11/2024 01:43,22/11/2024 01:43,22/11/2024 07:43,22/11/2024 05:43,22/11/2024,1,303,204,67.53313250724051,7,118.42005780561867,16.91715111508838,10,9,90,93,1,154,0,TURNAROUND,On-Time,0,19.43,LOW
KL-5198,KLM,KL,DEL,CCU,Domestic,A320,VT-UPC,T3,B6,Departed,24/11/2024 02:43,24/11/2024 02:43,24/11/2024 10:43,24/11/2024 12:43,24/11/2024,2,173,139,80.56574664114576,3,44.49182380898533,14.830607936328443,10,4,40,61,1,41,0,ATC,On-Time,0,53.41,MEDIUM
6E-1500,IndiGo,6E,DEL,HYD,Domestic,B737,VT-IZP,T3,B37,Departed,17/11/2024 05:09,17/11/2024 05:09,17/11/2024 11:09,17/11/2024 07:09,17/11/2024,5,249,221,89.10956335,3,63.83745089751237,21.27915029917079,8,8,100,59,0,93,0,ATC,On-Time,0,27.71,LOW
SQ-5525,Singapore Airlines,SQ,DEL,HYD,Domestic,A320,VT-RCG,T3,B41,Departed,22/10/2024 12:40,22/10/2024 12:40,22/10/2024 16:40,22/10/2024 16:40,22/10/2024,12,293,207,70.73488364825306,0,0,0,9,4,44.44,37,1,200,0,ATC,On-Time,0,46.24,MEDIUM
UK-370,Vistara,UK,DEL,AMS,Long-Haul Intl,A320,VT-TPS,T3,B18,Departed,26/12/2024 04:34,26/12/2024 04:34,26/12/2024 06:34,26/12/2024 14:34,26/12/2024,4,162,148,91.49738890837284,3,52.881368913248004,17.627122971082667,6,6,100,59,0,226,0,CREW,On-Time,0,15.62,LOW
6E-7853,IndiGo,6E,DEL,AMS,Long-Haul Intl,B787,VT-FHV,T3,B19,Departed,22/12/2024 20:19,22/12/2024 20:19,23/12/2024 05:19,23/12/2024 00:19,22/12/2024,20,334,242,72.64753899066794,5,106.58158273486157,21.316316546972313,9,9,100,54,1,226,0,WX,On-Time,0,24.04,LOW
SQ-7362,Singapore Airlines,SQ,DEL,FRA,Long-Haul Intl,B787,VT-VRB,T3,B1,Departed,03/12/2024 06:44,03/12/2024 06:44,03/12/2024 13:44,03/12/2024 12:44,03/12/2024,6,210,146,69.68209789669771,0,0,0,8,5,62.5,68,0,151,0,TECH,On-Time,0,28.67,LOW
6E-2217,IndiGo,6E,DEL,AMS,Long-Haul Intl,A320,VT-ORL,T3,B19,Departed,10/11/2024 21:00,10/11/2024 21:00,11/11/2024 02:00,11/11/2024 04:00,10/11/2024,21,272,231,85.22410880984383,5,102.62074514562562,20.524149029125123,10,5,50,60,0,42,0,TURNAROUND,On-Time,0,44.5,MEDIUM
6E-7216,IndiGo,6E,DEL,BOM,Domestic,A350,VT-JSS,T3,B39,Departed,07/12/2024 21:28,07/12/2024 21:28,08/12/2024 03:28,08/12/2024 04:28,07/12/2024,21,229,209,91.28796290271404,3,42.04444367385608,14.014814557952027,9,7,77.78,39,0,138,0,WX,On-Time,0,36.18,MEDIUM
QR-800,Qatar Airways,QR,DEL,KUL,Long-Haul Intl,A350,VT-BVA,T3,B17,Departed,09/12/2024 11:21,09/12/2024 11:21,09/12/2024 13:21,09/12/2024 20:21,09/12/2024,11,305,263,86.22980559757231,4,57.63790546489344,14.40947636622336,10,6,60,95,0,89,0,CREW,On-Time,0,25.48,LOW
QR-358,Qatar Airways,QR,DEL,DOH,Long-Haul Intl,B787,VT-UGQ,T3,B39,Departed,22/10/2024 14:06,22/10/2024 14:36,22/10/2024 18:06,22/10/2024 23:36,22/10/2024,14,192,195,101.79285239313474,1,25.10795077909555,25.10795077909555,12,7,58.33,43,1,235,30,WX,Moderate,1,37.49,MEDIUM
AF-3234,Air France,AF,DEL,CCU,Domestic,B737,VT-WLW,T3,B40,Departed,22/11/2024 21:04,22/11/2024 21:04,23/11/2024 06:04,23/11/2024 01:04,22/11/2024,21,287,219,76.51521570658237,4,61.56203608543824,15.39050902135956,6,6,100,84,0,103,0,TECH,On-Time,0,18.05,LOW
EK-7861,Emirates,EK,DEL,FRA,Long-Haul Intl,A320,VT-BCI,T3,B39,Departed,29/10/2024 07:27,29/10/2024 08:27,29/10/2024 16:27,29/10/2024 17:27,29/10/2024,7,255,212,83.51135718661091,1,10.402680646647742,10.402680646647742,12,4,33.33,40,0,120,60,ATC,Moderate,1,48.58,MEDIUM
SG-2321,SpiceJet,SG,DEL,KUL,Long-Haul Intl,A320,VT-KKM,T3,B27,Departed,04/11/2024 16:23,04/11/2024 16:53,04/11/2024 22:23,05/11/2024 00:53,04/11/2024,16,311,278,89.45056202883805,4,90.69350264398054,22.673375660995134,10,9,90,94,3,103,30,CREW,Moderate,1,37.05,MEDIUM
SQ-2661,Singapore Airlines,SQ,DEL,DXB,Long-Haul Intl,B737,VT-PLI,T3,B19,Departed,20/12/2024 03:19,20/12/2024 03:19,20/12/2024 10:19,20/12/2024 09:19,20/12/2024,3,317,280,88.56713314019238,4,90.47370417302736,22.61842604325684,10,6,60,78,1,223,0,CREW,On-Time,0,25.91,LOW
UK-2011,Vistara,UK,DEL,BLR,Domestic,A320,VT-XKG,T3,B43,Departed,05/10/2024 10:54,05/10/2024 10:54,05/10/2024 14:54,05/10/2024 18:54,05/10/2024,10,327,298,91.30851273338914,5,84.60395444664877,16.920790889329755,7,7,100,45,0,180,0,TURNAROUND,On-Time,0,24.7,LOW
6E-8282,IndiGo,6E,DEL,BLR,Domestic,A320,VT-VJX,T3,B48,Departed,18/12/2024 14:36,18/12/2024 14:36,18/12/2024 16:36,18/12/2024 23:36,18/12/2024,14,260,205,79.07048561,5,113.54376832096845,22.70875366419369,7,5,71.43,100,2,47,0,WX,On-Time,0,38.02,MEDIUM
UK-5363,Vistara,UK,DEL,AMS,Long-Haul Intl,B737,VT-ZKZ,T3,B5,Departed,04/11/2024 17:23,04/11/2024 17:23,04/11/2024 23:23,05/11/2024 02:23,04/11/2024,17,316,292,92.69403609569883,2,49.84087926257037,24.920439631285184,12,5,41.67,81,1,155,0,CREW,On-Time,0,35.63,MEDIUM
UK-1196,Vistara,UK,DEL,SIN,Long-Haul Intl,B737,VT-TCR,T3,B38,Departed,30/11/2024 11:39,30/11/2024 11:39,30/11/2024 15:39,30/11/2024 17:39,30/11/2024,11,283,254,89.82860920300386,3,57.54990319986402,19.18330106662134,11,7,63.64,37,3,20,0,CREW,On-Time,0,71.14,HIGH
AF-4451,Air France,AF,DEL,SIN,Long-Haul Intl,B737,VT-ZZW,T3,B45,Departed,29/12/2024 16:30,29/12/2024 16:30,30/12/2024 02:30,29/12/2024 23:30,29/12/2024,16,290,279,96.44752143,1,26.172298510045422,26.172298510045422,12,4,33.33,64,2,184,0,TURNAROUND,On-Time,0,47.69,MEDIUM
6E-266,IndiGo,6E,DEL,BOM,Domestic,A320,VT-BEZ,T3,B5,Departed,16/10/2024 18:51,16/10/2024 18:51,17/10/2024 04:51,16/10/2024 20:51,16/10/2024,18,263,188,71.64311573551602,2,46.29572339392889,23.147861696964444,7,6,85.71,55,0,82,0,TECH,On-Time,0,33.69,LOW
AF-8007,Air France,AF,DEL,FRA,Long-Haul Intl,A320,VT-PIU,T3,B41,Departed,07/12/2024 18:59,07/12/2024 19:29,08/12/2024 04:59,08/12/2024 05:29,07/12/2024,18,318,264,83.13218775385724,3,65.41897991112323,21.806326637041078,10,10,100,62,0,41,30,ATC,Moderate,1,31.39,LOW
EK-280,Emirates,EK,DEL,HYD,Domestic,B737,VT-SMK,T3,B46,Departed,04/11/2024 12:38,04/11/2024 13:38,04/11/2024 22:38,04/11/2024 21:38,04/11/2024,12,179,171,95.97129819,3,56.88113223181865,18.960377410606217,8,8,100,96,3,89,60,TECH,Moderate,1,35.13,MEDIUM
SG-2083,SpiceJet,SG,DEL,HYD,Domestic,A350,VT-PGD,T3,B19,Departed,07/11/2024 08:01,07/11/2024 08:01,07/11/2024 10:01,07/11/2024 16:01,07/11/2024,8,202,168,83.61823782211574,1,7.649794492230264,7.649794492230264,12,10,83.33,67,0,144,0,TECH,On-Time,0,24.44,LOW
UK-9768,Vistara,UK,DEL,BOM,Domestic,A350,VT-GJE,T3,B28,Departed,21/11/2024 05:47,21/11/2024 05:47,21/11/2024 09:47,21/11/2024 10:47,21/11/2024,5,220,187,85.39784645936768,5,80.40621223,16.08124244574778,10,7,70,69,0,168,0,WX,On-Time,0,24.9,LOW
UK-574,Vistara,UK,DEL,BLR,Domestic,A320,VT-DKE,T3,B45,Departed,30/11/2024 18:01,30/11/2024 18:31,30/11/2024 22:01,30/11/2024 20:31,30/11/2024,18,303,274,90.45105393,3,51.91467335,17.30489112,8,5,62.5,86,1,115,30,WX,Moderate,1,32.31,LOW
BA-6716,British Airways,BA,DEL,AMS,Long-Haul Intl,A320,VT-VON,T3,B6,Departed,26/12/2024 02:55,26/12/2024 03:25,26/12/2024 04:55,26/12/2024 13:25,26/12/2024,2,314,309,98.45274234799132,4,53.65072831357736,13.41268207839434,8,7,87.5,68,0,182,30,ATC,Moderate,1,19.6,LOW
AF-1223,Air France,AF,DEL,LHR,Long-Haul Intl,B787,VT-QXH,T3,B28,Departed,23/11/2024 03:52,23/11/2024 03:52,23/11/2024 11:52,23/11/2024 12:52,23/11/2024,3,237,222,93.94047471425992,8,129.9308534180634,16.241356677257926,7,7,100,75,2,98,0,ATC,On-Time,0,34.99,LOW
6E-7500,IndiGo,6E,DEL,BOM,Domestic,B737,VT-ZJW,T3,B19,Departed,16/11/2024 03:43,16/11/2024 03:43,16/11/2024 13:43,16/11/2024 09:43,16/11/2024,3,173,158,91.53804453313096,4,80.13397729390172,20.03349432347543,12,6,50,85,1,24,0,TECH,On-Time,0,44.05,MEDIUM
BA-9003,British Airways,BA,DEL,JFK,Long-Haul Intl,A350,VT-KTJ,T3,B36,Departed,20/10/2024 23:04,20/10/2024 23:04,21/10/2024 01:04,21/10/2024 08:04,20/10/2024,23,338,273,80.93756712214217,2,36.52513623901379,18.262568119506895,9,4,44.44,81,2,79,0,ATC,On-Time,0,48.51,MEDIUM
EK-1715,Emirates,EK,DEL,AMS,Long-Haul Intl,B787,VT-SBB,T3,B35,Departed,05/10/2024 23:06,05/10/2024 23:06,06/10/2024 08:06,06/10/2024 09:06,05/10/2024,23,188,149,79.48821536969497,2,19.462801061423853,9.731400530711927,6,6,100,92,1,139,0,TURNAROUND,On-Time,0,18.65,LOW
AI-2037,Air India,AI,DEL,DOH,Long-Haul Intl,B787,VT-DVZ,T3,B46,Departed,22/10/2024 20:35,22/10/2024 20:35,23/10/2024 00:35,23/10/2024 03:35,22/10/2024,20,194,168,86.81068855551366,5,70.52872262,14.105744524160079,7,7,100,91,0,65,0,TURNAROUND,On-Time,0,19.06,LOW
LH-2373,Lufthansa,LH,DEL,CCU,Domestic,B787,VT-IHD,T3,B36,Departed,03/10/2024 04:38,03/10/2024 05:08,03/10/2024 07:38,03/10/2024 10:08,03/10/2024,4,304,240,79.14002640916988,7,119.21447363658677,17.03063909094097,7,7,100,57,1,197,30,TURNAROUND,Moderate,1,25.63,LOW
UK-9527,Vistara,UK,DEL,AMS,Long-Haul Intl,A350,VT-PFF,T3,B2,Departed,01/11/2024 23:20,01/11/2024 23:20,02/11/2024 02:20,02/11/2024 06:20,01/11/2024,23,268,248,92.57361675794922,2,34.12471481,17.06235741,9,7,77.78,82,0,195,0,TECH,On-Time,0,15.95,LOW
BA-7398,British Airways,BA,DEL,DOH,Long-Haul Intl,A320,VT-TCF,T3,B45,Departed,06/10/2024 04:19,06/10/2024 04:19,06/10/2024 09:19,06/10/2024 08:19,06/10/2024,4,297,270,91.16903289128248,2,57.30187733030656,28.65093866515328,6,6,100,56,1,153,0,CREW,On-Time,0,29.98,LOW
QR-5917,Qatar Airways,QR,DEL,DOH,Long-Haul Intl,A320,VT-QRV,T3,B45,Departed,21/10/2024 15:01,21/10/2024 15:01,21/10/2024 21:01,21/10/2024 18:01,21/10/2024,15,282,283,100.3845567648455,3,41.49679642785178,13.832265475950592,10,6,60,51,1,236,0,TURNAROUND,On-Time,0,34.18,LOW
UK-8360,Vistara,UK,DEL,SIN,Long-Haul Intl,A320,VT-KEB,T3,B16,Departed,11/11/2024 17:24,11/11/2024 17:24,12/11/2024 00:24,12/11/2024 03:24,11/11/2024,17,304,297,97.93808374508914,3,44.486423326392234,14.828807775464078,11,11,100,45,1,75,0,TURNAROUND,On-Time,0,40.92,MEDIUM
KL-8158,KLM,KL,DEL,KUL,Long-Haul Intl,B787,VT-HUY,T3,B6,Departed,21/12/2024 05:46,21/12/2024 05:46,21/12/2024 11:46,21/12/2024 11:46,21/12/2024,5,262,237,90.80244509,3,61.41911038924316,20.473036796414387,12,8,66.67,49,1,129,0,ATC,On-Time,0,42.94,MEDIUM
BA-1473,British Airways,BA,DEL,CCU,Domestic,A320,VT-MWH,T3,B23,Departed,18/12/2024 17:23,18/12/2024 17:23,19/12/2024 01:23,19/12/2024 01:23,18/12/2024,17,267,241,90.27548440678804,6,130.04962099810365,21.674936833017274,11,6,54.55,69,0,206,0,TECH,On-Time,0,25.3,LOW
AF-3270,Air France,AF,DEL,LHR,Long-Haul Intl,B787,VT-SZU,T3,B18,Departed,04/10/2024 23:47,04/10/2024 23:47,05/10/2024 08:47,05/10/2024 03:47,04/10/2024,23,169,147,87.13997421147538,2,62.76311318603152,31.38155659301576,10,4,40,67,3,176,0,TECH,On-Time,0,52.37,MEDIUM
KL-1533,KLM,KL,DEL,CDG,Long-Haul Intl,B737,VT-OSC,T3,B13,Departed,11/10/2024 04:05,11/10/2024 04:05,11/10/2024 14:05,11/10/2024 06:05,11/10/2024,4,209,204,97.83716198954636,2,33.36412504,16.68206252,7,7,100,50,0,218,0,WX,On-Time,0,19.5,LOW
6E-6984,IndiGo,6E,DEL,JFK,Long-Haul Intl,A350,VT-QPG,T3,B30,Departed,02/10/2024 12:08,02/10/2024 12:38,02/10/2024 19:08,02/10/2024 14:38,02/10/2024,12,224,186,83.13170496,7,113.74426456913066,16.249180652732953,6,5,83.33,68,1,123,30,ATC,Moderate,1,32.67,LOW
AI-6004,Air India,AI,DEL,HYD,Domestic,B737,VT-MNG,T3,B26,Departed,24/10/2024 11:45,24/10/2024 11:45,24/10/2024 19:45,24/10/2024 20:45,24/10/2024,11,213,206,96.99667185194473,7,172.18646426622385,24.598066323746263,7,6,85.71,100,0,96,0,TURNAROUND,On-Time,0,16.66,LOW
QR-6678,Qatar Airways,QR,DEL,BLR,Domestic,A320,VT-OOV,T3,B21,Departed,14/11/2024 15:34,14/11/2024 15:34,14/11/2024 20:34,15/11/2024 00:34,14/11/2024,15,339,271,80.10834074713354,1,11.784215135281157,11.784215135281157,8,4,50,74,1,165,0,TURNAROUND,On-Time,0,35.08,MEDIUM
EK-825,Emirates,EK,DEL,MAA,Domestic,B737,VT-LKM,T3,B25,Departed,28/11/2024 12:43,28/11/2024 12:43,28/11/2024 15:43,28/11/2024 21:43,28/11/2024,12,218,200,91.92499023055468,3,35.48269195494288,11.82756398498096,7,7,100,62,0,21,0,WX,On-Time,0,33.21,LOW
BA-4925,British Airways,BA,DEL,AMS,Long-Haul Intl,B787,VT-WHT,T3,B50,Departed,16/10/2024 17:11,16/10/2024 17:11,16/10/2024 23:11,16/10/2024 23:11,16/10/2024,17,269,193,72.10499339853841,3,69.59332552211087,23.19777517403696,7,7,100,81,3,27,0,TECH,On-Time,0,46.01,MEDIUM
UK-9395,Vistara,UK,DEL,SIN,Long-Haul Intl,A350,VT-YON,T3,B14,Departed,28/12/2024 20:25,28/12/2024 20:25,29/12/2024 00:25,29/12/2024 00:25,28/12/2024,20,167,154,92.49022475,3,72.28006892325486,24.09335630775162,10,5,50,73,0,94,0,CREW,On-Time,0,35.22,MEDIUM
BA-8890,British Airways,BA,DEL,SIN,Long-Haul Intl,A350,VT-PHS,T3,B33,Departed,15/10/2024 23:28,15/10/2024 23:58,16/10/2024 03:28,16/10/2024 03:58,15/10/2024,23,193,161,83.60554185048956,5,85.43399334,17.086798668258417,10,10,100,54,2,201,30,CREW,Moderate,1,32.98,LOW
SQ-3962,Singapore Airlines,SQ,DEL,CCU,Domestic,A320,VT-UFA,T3,B20,Departed,23/12/2024 07:07,23/12/2024 07:07,23/12/2024 13:07,23/12/2024 14:07,23/12/2024,7,196,161,82.33756313250166,4,96.2490168,24.062254200949575,10,10,100,35,1,144,0,ATC,On-Time,0,38.14,MEDIUM
AI-6042,Air India,AI,DEL,AMS,Long-Haul Intl,A320,VT-UUT,T3,B43,Departed,19/11/2024 04:58,19/11/2024 04:58,19/11/2024 08:58,19/11/2024 06:58,19/11/2024,4,177,166,94.06814967753084,1,20.269131441890103,20.269131441890103,11,4,36.36,97,0,57,0,CREW,On-Time,0,33.6,LOW
KL-8271,KLM,KL,DEL,FRA,Long-Haul Intl,B737,VT-GKZ,T3,B45,Departed,02/11/2024 22:36,02/11/2024 22:36,03/11/2024 00:36,03/11/2024 02:36,02/11/2024,22,311,281,90.56554283439137,5,99.19756894090392,19.839513788180785,8,8,100,38,0,195,0,ATC,On-Time,0,25.79,LOW
AF-856,Air France,AF,DEL,BOM,Domestic,A320,VT-CNN,T3,B6,Departed,21/10/2024 08:17,21/10/2024 08:17,21/10/2024 13:17,21/10/2024 16:17,21/10/2024,8,311,264,85.03016023685677,1,11.355977616918748,11.355977616918748,10,10,100,92,1,46,0,TECH,On-Time,0,27.1,LOW
BA-441,British Airways,BA,DEL,SIN,Long-Haul Intl,A320,VT-MQN,T3,B21,Departed,01/11/2024 08:55,01/11/2024 08:55,01/11/2024 12:55,01/11/2024 18:55,01/11/2024,8,160,154,96.42280132956652,0,0,0,6,5,83.33,59,0,39,0,WX,On-Time,0,36.79,MEDIUM
EK-5176,Emirates,EK,DEL,AMS,Long-Haul Intl,B737,VT-BCK,T3,B1,Departed,15/10/2024 03:20,15/10/2024 04:20,15/10/2024 06:20,15/10/2024 10:20,15/10/2024,3,252,203,80.83145799987956,3,66.93712194912574,22.312373983041912,11,7,63.64,81,1,159,60,WX,Moderate,1,29.77,LOW
LH-6848,Lufthansa,LH,DEL,LHR,Long-Haul Intl,B787,VT-GRM,T3,B34,Departed,06/11/2024 07:26,06/11/2024 07:26,06/11/2024 09:26,06/11/2024 12:26,06/11/2024,7,336,305,91.01245937099311,9,156.32076181266467,17.36897353474052,9,9,100,72,1,62,0,ATC,On-Time,0,32.65,LOW
LH-8318,Lufthansa,LH,DEL,SIN,Long-Haul Intl,B737,VT-TPH,T3,B16,Departed,28/11/2024 05:06,28/11/2024 05:36,28/11/2024 14:06,28/11/2024 07:36,28/11/2024,5,229,206,90.11400277886294,3,48.22372836293478,16.07457612097826,6,6,100,49,1,208,30,ATC,Moderate,1,27.43,LOW
UK-7470,Vistara,UK,DEL,DXB,Long-Haul Intl,B787,VT-XJZ,T3,B6,Departed,09/11/2024 16:02,09/11/2024 16:02,09/11/2024 21:02,10/11/2024 00:02,09/11/2024,16,295,249,84.61934482056765,1,16.30917077163581,16.30917077163581,12,11,91.67,55,1,110,0,TECH,On-Time,0,36.32,MEDIUM
6E-4670,IndiGo,6E,DEL,AMS,Long-Haul Intl,B787,VT-VZO,T3,B13,Departed,26/10/2024 13:23,26/10/2024 13:23,26/10/2024 17:23,26/10/2024 19:23,26/10/2024,13,279,215,77.09534723687588,0,0,0,6,6,100,91,0,80,0,CREW,On-Time,0,17.7,LOW
SQ-8234,Singapore Airlines,SQ,DEL,CCU,Domestic,A350,VT-AEO,T3,B24,Departed,29/10/2024 06:25,29/10/2024 06:55,29/10/2024 14:25,29/10/2024 11:55,29/10/2024,6,242,202,83.64472680421639,7,129.43200442332412,18.49028634618916,10,7,70,87,2,221,30,TURNAROUND,Moderate,1,27.11,LOW
SQ-935,Singapore Airlines,SQ,DEL,JFK,Long-Haul Intl,A350,VT-XBY,T3,B44,Departed,07/11/2024 06:36,07/11/2024 06:36,07/11/2024 12:36,07/11/2024 10:36,07/11/2024,6,227,212,93.63323258763734,3,54.19096813,18.063656041814735,9,9,100,80,3,214,0,TECH,On-Time,0,29.36,LOW
EK-6647,Emirates,EK,DEL,FRA,Long-Haul Intl,A320,VT-UMO,T3,B22,Departed,15/11/2024 11:07,15/11/2024 11:37,15/11/2024 16:07,15/11/2024 17:37,15/11/2024,11,249,214,86.19295678470831,2,27.14293243074114,13.57146621537057,9,9,100,48,0,128,30,TURNAROUND,Moderate,1,28.38,LOW
UK-367,Vistara,UK,DEL,CDG,Long-Haul Intl,B737,VT-NYW,T3,B21,Departed,26/12/2024 17:44,26/12/2024 17:44,27/12/2024 02:44,27/12/2024 02:44,26/12/2024,17,172,158,92.25346682776114,1,16.448064291869002,16.448064291869002,11,4,36.36,51,0,110,0,WX,On-Time,0,44.88,MEDIUM
QR-9816,Qatar Airways,QR,DEL,BOM,Domestic,A320,VT-MLB,T3,B49,Departed,23/11/2024 21:45,23/11/2024 21:45,24/11/2024 07:45,24/11/2024 03:45,23/11/2024,21,282,256,90.79792524,1,6.908582351042231,6.908582351042231,9,7,77.78,73,0,182,0,TECH,On-Time,0,20.28,LOW
AF-8336,Air France,AF,DEL,LHR,Long-Haul Intl,B787,VT-GHL,T3,B1,Departed,12/10/2024 12:02,12/10/2024 12:02,12/10/2024 14:02,12/10/2024 15:02,12/10/2024,12,314,269,85.68729763014846,3,62.09124360424226,20.697081201414086,12,7,58.33,43,0,114,0,TECH,On-Time,0,41.82,MEDIUM
IX-8680,Air India Express,IX,DEL,LHR,Long-Haul Intl,A320,VT-NDE,T3,B36,Departed,26/10/2024 19:06,26/10/2024 19:06,27/10/2024 01:06,27/10/2024 03:06,26/10/2024,19,207,179,86.53368509591444,4,95.03831735942012,23.75957933985503,8,8,100,40,0,162,0,TECH,On-Time,0,28.09,LOW
AF-7504,Air France,AF,DEL,CDG,Long-Haul Intl,A350,VT-PEF,T3,B2,Departed,16/11/2024 18:39,16/11/2024 18:39,16/11/2024 22:39,16/11/2024 20:39,16/11/2024,18,206,207,100.66370215084017,2,18.397543204727224,9.198771602363612,10,9,90,57,1,163,0,TURNAROUND,On-Time,0,31.22,LOW
AF-5445,Air France,AF,DEL,CDG,Long-Haul Intl,A350,VT-YQM,T3,B13,Departed,27/11/2024 12:51,27/11/2024 12:51,27/11/2024 21:51,27/11/2024 17:51,27/11/2024,12,288,235,81.91200460486911,1,13.315626740959628,13.315626740959628,9,9,100,93,3,32,0,WX,On-Time,0,41.36,MEDIUM
6E-4196,IndiGo,6E,DEL,KUL,Long-Haul Intl,B737,VT-JSH,T3,B34,Departed,26/11/2024 23:24,26/11/2024 23:24,27/11/2024 09:24,27/11/2024 05:24,26/11/2024,23,188,178,95.12204388891982,5,129.8497178061324,25.96994356122648,11,9,81.82,80,0,132,0,ATC,On-Time,0,21.36,LOW
IX-6343,Air India Express,IX,DEL,FRA,Long-Haul Intl,B737,VT-UAC,T3,B23,Departed,21/11/2024 05:42,21/11/2024 05:42,21/11/2024 11:42,21/11/2024 10:42,21/11/2024,5,178,137,77.52360421225981,4,51.93752674819126,12.984381687047815,12,9,75,72,0,54,0,ATC,On-Time,0,32.96,LOW
SQ-4776,Singapore Airlines,SQ,DEL,KUL,Long-Haul Intl,B787,VT-TOL,T3,B42,Departed,25/12/2024 06:53,25/12/2024 06:53,25/12/2024 08:53,25/12/2024 10:53,25/12/2024,6,329,291,88.48195469437611,3,71.58612826568404,23.862042755228014,8,8,100,48,1,222,0,TURNAROUND,On-Time,0,26.5,LOW
KL-1608,KLM,KL,DEL,KUL,Long-Haul Intl,B737,VT-BWW,T3,B44,Departed,30/11/2024 20:50,30/11/2024 21:50,01/12/2024 03:50,30/11/2024 23:50,30/11/2024,20,161,154,95.87500236617552,3,31.401156723269807,10.467052241089936,7,7,100,96,1,206,60,CREW,Moderate,1,11.16,LOW
UK-5710,Vistara,UK,DEL,BOM,Domestic,A350,VT-RRE,T3,B35,Departed,01/12/2024 14:50,01/12/2024 14:50,01/12/2024 16:50,01/12/2024 23:50,01/12/2024,14,247,200,81.31652701446596,3,47.44839004048163,15.816130013493876,7,5,71.43,69,1,168,0,TECH,On-Time,0,31.2,LOW
EK-7555,Emirates,EK,DEL,CDG,Long-Haul Intl,A350,VT-BIW,T3,B26,Departed,25/12/2024 07:16,25/12/2024 07:16,25/12/2024 09:16,25/12/2024 17:16,25/12/2024,7,242,205,85.06563262581774,3,59.44008566874207,19.81336188958069,8,8,100,53,2,201,0,CREW,On-Time,0,33.33,LOW
LH-6487,Lufthansa,LH,DEL,DOH,Long-Haul Intl,A320,VT-MCO,T3,B34,Departed,10/12/2024 12:27,10/12/2024 12:27,10/12/2024 16:27,10/12/2024 22:27,10/12/2024,12,188,158,84.42852082798878,2,44.80565673044376,22.40282836522188,12,11,91.67,64,0,222,0,TURNAROUND,On-Time,0,16.32,LOW
6E-7565,IndiGo,6E,DEL,DOH,Long-Haul Intl,B787,VT-CUT,T3,B41,Departed,22/10/2024 16:23,22/10/2024 16:53,22/10/2024 20:23,22/10/2024 22:53,22/10/2024,16,206,197,95.73830197956056,4,68.75067808670127,17.187669521675318,11,4,36.36,59,0,177,30,TURNAROUND,Moderate,1,35.99,MEDIUM
SG-1181,SpiceJet,SG,DEL,MAA,Domestic,B787,VT-NRM,T3,B21,Departed,21/12/2024 01:00,21/12/2024 01:00,21/12/2024 06:00,21/12/2024 09:00,21/12/2024,1,296,283,95.72928803228108,1,12.72218415,12.72218415,8,8,100,74,0,67,0,TECH,On-Time,0,24.83,LOW
QR-5671,Qatar Airways,QR,DEL,KUL,Long-Haul Intl,B737,VT-SRP,T3,B38,Departed,05/11/2024 12:37,05/11/2024 12:37,05/11/2024 19:37,05/11/2024 15:37,05/11/2024,12,227,174,76.73659040473169,3,45.044440107796994,15.014813369265665,10,8,80,48,3,54,0,WX,On-Time,0,60.11,HIGH
IX-9796,Air India Express,IX,DEL,CDG,Long-Haul Intl,B737,VT-QWX,T3,B22,Departed,06/11/2024 19:52,06/11/2024 19:52,07/11/2024 01:52,07/11/2024 04:52,06/11/2024,19,264,234,88.67519466,6,79.52243394,13.253738990229765,10,5,50,60,0,105,0,TURNAROUND,On-Time,0,38.77,MEDIUM
6E-6509,IndiGo,6E,DEL,AMS,Long-Haul Intl,B737,VT-BNT,T3,B20,Departed,01/12/2024 17:40,01/12/2024 18:10,01/12/2024 23:40,01/12/2024 23:10,01/12/2024,17,308,253,82.43482091516485,9,121.80301470323737,13.533668300359707,7,5,71.43,56,0,185,30,TECH,Moderate,1,27.54,LOW
EK-1841,Emirates,EK,DEL,BLR,Domestic,B737,VT-EYV,T3,B31,Departed,04/11/2024 17:15,04/11/2024 17:45,05/11/2024 02:15,04/11/2024 19:45,04/11/2024,17,205,180,88.08041695712103,7,106.99964653711993,15.285663791017132,9,9,100,82,2,178,30,ATC,Moderate,1,25.27,LOW
BA-180,British Airways,BA,DEL,DOH,Long-Haul Intl,A320,VT-QVQ,T3,B40,Departed,08/10/2024 16:45,08/10/2024 17:45,09/10/2024 01:45,08/10/2024 19:45,08/10/2024,16,259,269,103.94560317357733,2,34.86376684355993,17.431883421779965,11,11,100,85,0,225,60,CREW,Moderate,1,6.61,LOW
IX-420,Air India Express,IX,DEL,CCU,Domestic,B787,VT-EQM,T3,B12,Departed,20/11/2024 10:41,20/11/2024 10:41,20/11/2024 17:41,20/11/2024 13:41,20/11/2024,10,202,157,78.06629519522652,3,54.104913966521536,18.034971322173845,7,4,57.14,37,0,171,0,ATC,On-Time,0,39.04,MEDIUM
AF-4783,Air France,AF,DEL,MAA,Domestic,A320,VT-ODU,T3,B5,Departed,27/10/2024 13:19,27/10/2024 13:19,27/10/2024 16:19,27/10/2024 23:19,27/10/2024,13,210,202,96.35021192233413,3,56.45883232970323,18.819610776567743,9,9,100,76,1,133,0,TURNAROUND,On-Time,0,24.79,LOW
IX-2756,Air India Express,IX,DEL,MAA,Domestic,A350,VT-VNF,T3,B46,Departed,03/12/2024 13:49,03/12/2024 13:49,03/12/2024 16:49,03/12/2024 18:49,03/12/2024,13,324,263,81.34012837238606,2,25.265836672883566,12.632918336441783,9,9,100,53,1,196,0,WX,On-Time,0,27.12,LOW
IX-9665,Air India Express,IX,DEL,CCU,Domestic,B737,VT-RHF,T3,B12,Departed,10/12/2024 03:20,10/12/2024 03:50,10/12/2024 10:20,10/12/2024 07:50,10/12/2024,3,302,253,83.79625551898513,4,73.55193996626767,18.387984991566917,10,10,100,62,1,119,30,TURNAROUND,Moderate,1,30.97,LOW
UK-1993,Vistara,UK,DEL,AMS,Long-Haul Intl,B787,VT-NLT,T3,B50,Departed,19/11/2024 16:53,19/11/2024 16:53,19/11/2024 20:53,20/11/2024 02:53,19/11/2024,16,283,220,77.95001711662378,5,104.8246257,20.96492514,12,9,75,79,1,179,0,TURNAROUND,On-Time,0,25.81,LOW
SG-9061,SpiceJet,SG,DEL,DOH,Long-Haul Intl,A350,VT-DXV,T3,B6,Departed,07/11/2024 10:21,07/11/2024 10:21,07/11/2024 15:21,07/11/2024 17:21,07/11/2024,10,309,274,88.95047474990686,2,29.00477662088964,14.50238831044482,6,6,100,97,1,202,0,ATC,On-Time,0,11.17,LOW
LH-3002,Lufthansa,LH,DEL,BLR,Domestic,A350,VT-GQA,T3,B37,Departed,07/10/2024 01:00,07/10/2024 01:00,07/10/2024 09:00,07/10/2024 11:00,07/10/2024,1,165,136,82.78214089,2,36.083760442023134,18.041880221011567,12,11,91.67,53,0,226,0,WX,On-Time,0,19.81,LOW
6E-3516,IndiGo,6E,DEL,AMS,Long-Haul Intl,B787,VT-THP,T3,B40,Departed,20/12/2024 02:41,20/12/2024 05:11,20/12/2024 08:41,20/12/2024 08:11,20/12/2024,2,297,281,94.90529065,2,35.978639364142836,17.989319682071418,6,6,100,81,0,205,150,TECH,Moderate,1,9.83,LOW
BA-3166,British Airways,BA,DEL,HYD,Domestic,A350,VT-HVX,T3,B46,Departed,06/12/2024 23:39,06/12/2024 23:39,07/12/2024 09:39,07/12/2024 05:39,06/12/2024,23,288,232,80.67981735565989,3,55.08321083578892,18.361070278596305,8,4,50,48,1,118,0,TECH,On-Time,0,48.46,MEDIUM
BA-3982,British Airways,BA,DEL,HYD,Domestic,A320,VT-FLK,T3,B32,Departed,16/12/2024 04:24,16/12/2024 04:24,16/12/2024 14:24,16/12/2024 07:24,16/12/2024,4,253,224,88.81068999934138,3,31.68884303925214,10.562947679750714,10,10,100,72,0,22,0,TECH,On-Time,0,29.62,LOW
BA-9885,British Airways,BA,DEL,JFK,Long-Haul Intl,A320,VT-VZX,T3,B29,Departed,28/12/2024 23:16,28/12/2024 23:16,29/12/2024 06:16,29/12/2024 04:16,28/12/2024,23,234,218,93.51638554326972,1,29.017660032459933,29.017660032459933,9,9,100,87,0,227,0,CREW,On-Time,0,5.73,LOW
BA-8552,British Airways,BA,DEL,SIN,Long-Haul Intl,B787,VT-GJW,T3,B28,Departed,15/10/2024 21:44,15/10/2024 21:44,16/10/2024 06:44,16/10/2024 06:44,15/10/2024,21,294,308,105,3,41.248499579209756,13.749499859736586,11,9,81.82,95,0,216,0,WX,On-Time,0,8.48,LOW
AF-9453,Air France,AF,DEL,CCU,Domestic,B737,VT-EEE,T3,B32,Departed,15/10/2024 08:38,15/10/2024 08:38,15/10/2024 11:38,15/10/2024 10:38,15/10/2024,8,249,196,78.93773344397019,5,107.52512446961832,21.505024893923665,6,6,100,70,0,104,0,ATC,On-Time,0,22.86,LOW
LH-5333,Lufthansa,LH,DEL,FRA,Long-Haul Intl,B787,VT-UAI,T3,B30,Departed,03/12/2024 07:57,03/12/2024 07:57,03/12/2024 12:57,03/12/2024 11:57,03/12/2024,7,190,157,82.82581474448486,1,17.428595896888453,17.428595896888453,12,4,33.33,74,0,144,0,WX,On-Time,0,34.49,LOW
IX-9249,Air India Express,IX,DEL,FRA,Long-Haul Intl,A350,VT-QOX,T3,B9,Departed,01/12/2024 13:17,01/12/2024 14:17,01/12/2024 22:17,02/12/2024 00:17,01/12/2024,13,226,204,90.49532174962714,2,54.43429901025482,27.21714950512741,9,9,100,64,1,157,60,ATC,Moderate,1,26.81,LOW
KL-8993,KLM,KL,DEL,LHR,Long-Haul Intl,A350,VT-ZIA,T3,B22,Departed,19/10/2024 10:08,19/10/2024 10:08,19/10/2024 13:08,19/10/2024 12:08,19/10/2024,10,276,237,86.08221849188055,0,0,0,6,5,83.33,43,1,102,0,CREW,On-Time,0,43.33,MEDIUM
SQ-8800,Singapore Airlines,SQ,DEL,FRA,Long-Haul Intl,A350,VT-APV,T3,B1,Departed,01/10/2024 13:43,01/10/2024 16:13,01/10/2024 20:43,02/10/2024 01:13,01/10/2024,13,227,200,88.28305350830458,3,62.144094411850595,20.71469813728353,6,4,66.67,98,1,44,150,TECH,Moderate,1,33.52,LOW
AF-150,Air France,AF,DEL,DOH,Long-Haul Intl,B787,VT-JJK,T3,B40,Departed,20/11/2024 05:22,20/11/2024 05:22,20/11/2024 08:22,20/11/2024 14:22,20/11/2024,5,279,234,83.89943997878585,1,6.735855209322292,6.735855209322292,6,5,83.33,67,3,87,0,TECH,On-Time,0,49.63,MEDIUM
LH-1948,Lufthansa,LH,DEL,AMS,Long-Haul Intl,A350,VT-ZMV,T3,B27,Departed,20/11/2024 02:41,20/11/2024 03:11,20/11/2024 11:41,20/11/2024 07:11,20/11/2024,2,238,198,83.36946104372605,1,26.277549300907577,26.277549300907577,11,4,36.36,86,0,80,30,WX,Moderate,1,35.36,MEDIUM
6E-811,IndiGo,6E,DEL,SIN,Long-Haul Intl,B737,VT-SRA,T3,B16,Departed,15/11/2024 18:54,15/11/2024 18:54,16/11/2024 04:54,15/11/2024 23:54,15/11/2024,18,181,180,99.47898399586552,2,14.311925466196644,7.155962733098322,10,4,40,48,0,48,0,TURNAROUND,On-Time,0,50.65,MEDIUM
EK-9325,Emirates,EK,DEL,SIN,Long-Haul Intl,B737,VT-JGL,T3,B37,Departed,25/11/2024 19:16,25/11/2024 19:16,26/11/2024 00:16,26/11/2024 01:16,25/11/2024,19,209,167,80.35223730805082,2,35.935346107762534,17.967673053881267,11,11,100,87,0,146,0,TURNAROUND,On-Time,0,13.1,LOW
KL-1857,KLM,KL,DEL,MAA,Domestic,A320,VT-NTC,T3,B7,Departed,18/11/2024 01:03,18/11/2024 01:33,18/11/2024 04:03,18/11/2024 09:33,18/11/2024,1,271,186,68.92465270613243,2,33.59937903350496,16.79968951675248,7,4,57.14,93,0,38,30,ATC,Moderate,1,31.53,LOW
SQ-2191,Singapore Airlines,SQ,DEL,KUL,Long-Haul Intl,B787,VT-HNW,T3,B39,Departed,04/10/2024 10:18,04/10/2024 10:48,04/10/2024 15:18,04/10/2024 15:48,04/10/2024,10,240,193,80.49263288293733,2,49.19811085593962,24.59905542796981,9,7,77.78,75,0,190,30,WX,Moderate,1,18.85,LOW
KL-2524,KLM,KL,DEL,DXB,Long-Haul Intl,B787,VT-OVA,T3,B46,Departed,11/12/2024 08:12,11/12/2024 08:12,11/12/2024 18:12,11/12/2024 13:12,11/12/2024,8,302,251,83.39566873411981,0,0,0,10,9,90,42,1,213,0,WX,On-Time,0,31.92,LOW
UK-6801,Vistara,UK,DEL,CCU,Domestic,A350,VT-SSX,T3,B10,Departed,12/11/2024 23:33,12/11/2024 23:33,13/11/2024 08:33,13/11/2024 06:33,12/11/2024,23,264,241,91.3413409,2,48.18057738139218,24.09028869069609,10,10,100,36,0,93,0,ATC,On-Time,0,35.76,MEDIUM
AF-8948,Air France,AF,DEL,CCU,Domestic,B737,VT-OTV,T3,B33,Departed,21/12/2024 21:31,21/12/2024 21:31,22/12/2024 05:31,22/12/2024 01:31,21/12/2024,21,260,186,71.79989553675031,3,66.91422647706386,22.304742159021288,10,5,50,75,0,80,0,TECH,On-Time,0,35.8,MEDIUM
AF-596,Air France,AF,DEL,LHR,Long-Haul Intl,B737,VT-SNV,T3,B48,Departed,25/10/2024 22:14,25/10/2024 23:14,26/10/2024 07:14,26/10/2024 09:14,25/10/2024,22,329,335,101.8303694625086,5,104.30975472881785,20.86195094576357,12,9,75,89,0,190,60,CREW,Moderate,1,14.65,LOW
AF-2110,Air France,AF,DEL,SIN,Long-Haul Intl,A320,VT-IOW,T3,B18,Departed,30/11/2024 10:51,30/11/2024 11:51,30/11/2024 18:51,30/11/2024 13:51,30/11/2024,10,166,140,84.45531827657672,3,40.483655314295554,13.494551771431851,10,10,100,50,2,172,60,TECH,Moderate,1,37.02,MEDIUM
SQ-6487,Singapore Airlines,SQ,DEL,BOM,Domestic,A320,VT-QMA,T3,B1,Departed,29/10/2024 19:30,29/10/2024 19:30,30/10/2024 01:30,30/10/2024 01:30,29/10/2024,19,292,273,93.71424469055448,2,40.47827674014125,20.239138370070624,11,5,45.45,96,0,39,0,WX,On-Time,0,33.31,LOW
EK-4209,Emirates,EK,DEL,BLR,Domestic,B737,VT-OVC,T3,B40,Departed,24/11/2024 13:42,24/11/2024 13:42,24/11/2024 18:42,24/11/2024 22:42,24/11/2024,13,295,226,76.62406266019428,4,81.60000753455056,20.40000188363764,10,5,50,82,1,67,0,CREW,On-Time,0,41.19,MEDIUM
IX-1729,Air India Express,IX,DEL,AMS,Long-Haul Intl,B737,VT-XRH,T3,B42,Departed,15/12/2024 16:54,15/12/2024 16:54,15/12/2024 18:54,15/12/2024 18:54,15/12/2024,16,267,280,105,2,37.87335861,18.93667931,8,8,100,64,0,230,0,CREW,On-Time,0,13.51,LOW
KL-7694,KLM,KL,DEL,KUL,Long-Haul Intl,A320,VT-XGX,T3,B29,Departed,25/11/2024 05:52,25/11/2024 05:52,25/11/2024 07:52,25/11/2024 10:52,25/11/2024,5,216,200,92.81431966857475,4,61.41523224,15.353808060035526,9,4,44.44,46,1,106,0,TECH,On-Time,0,51.64,MEDIUM
LH-9058,Lufthansa,LH,DEL,AMS,Long-Haul Intl,B787,VT-OHJ,T3,B8,Departed,27/12/2024 04:01,27/12/2024 04:01,27/12/2024 08:01,27/12/2024 06:01,27/12/2024,4,200,193,96.71247363144492,4,88.55258545326421,22.138146363316054,10,10,100,69,1,171,0,ATC,On-Time,0,23.79,LOW
KL-3544,KLM,KL,DEL,CCU,Domestic,B737,VT-CKZ,T3,B13,Departed,06/10/2024 22:41,06/10/2024 22:41,07/10/2024 02:41,07/10/2024 07:41,06/10/2024,22,272,210,77.41823641596707,1,30.83042843378844,30.83042843378844,9,6,66.67,45,1,158,0,TURNAROUND,On-Time,0,41.7,MEDIUM
LH-8499,Lufthansa,LH,DEL,JFK,Long-Haul Intl,B787,VT-IXD,T3,B34,Departed,20/11/2024 05:32,20/11/2024 05:32,20/11/2024 11:32,20/11/2024 13:32,20/11/2024,5,182,146,80.43490854392823,2,33.67702573526584,16.83851286763292,8,8,100,98,0,129,0,TURNAROUND,On-Time,0,10.79,LOW
KL-1491,KLM,KL,DEL,HYD,Domestic,A320,VT-GPI,T3,B20,Departed,19/10/2024 10:48,19/10/2024 11:18,19/10/2024 17:48,19/10/2024 16:18,19/10/2024,10,268,235,87.84070905218499,2,42.913178949314045,21.456589474657022,8,8,100,84,0,202,30,ATC,Moderate,1,9.05,LOW
6E-3904,IndiGo,6E,DEL,CDG,Long-Haul Intl,B737,VT-AVT,T3,B45,Departed,18/12/2024 17:45,18/12/2024 17:45,18/12/2024 20:45,19/12/2024 02:45,18/12/2024,17,261,228,87.44424395455292,3,48.857918322989235,16.285972774329746,9,9,100,55,1,47,0,CREW,On-Time,0,39.96,MEDIUM
IX-7127,Air India Express,IX,DEL,BOM,Domestic,B787,VT-ORQ,T3,B50,Departed,19/11/2024 18:41,19/11/2024 18:41,20/11/2024 03:41,19/11/2024 23:41,19/11/2024,18,288,229,79.64837948,1,21.36029271837444,21.36029271837444,6,6,100,82,0,216,0,CREW,On-Time,0,8.48,LOW
6E-304,IndiGo,6E,DEL,FRA,Long-Haul Intl,A320,VT-AFL,T3,B10,Departed,13/12/2024 02:27,13/12/2024 02:27,13/12/2024 10:27,13/12/2024 04:27,13/12/2024,2,322,240,74.70942269745936,1,27.00863470137536,27.00863470137536,7,7,100,54,1,210,0,TURNAROUND,On-Time,0,25.49,LOW
AF-7180,Air France,AF,DEL,BLR,Domestic,A320,VT-SCZ,T3,B39,Departed,21/10/2024 09:49,21/10/2024 10:19,21/10/2024 11:49,21/10/2024 15:19,21/10/2024,9,333,213,64.03140454253243,6,85.89627747735433,14.316046246225723,12,12,100,78,0,78,30,CREW,Moderate,1,22.43,LOW
KL-7989,KLM,KL,DEL,BOM,Domestic,B787,VT-GUR,T3,B3,Departed,16/10/2024 06:59,16/10/2024 06:59,16/10/2024 14:59,16/10/2024 12:59,16/10/2024,6,340,293,86.28431673417579,4,73.07248028314683,18.268120070786708,6,5,83.33,67,0,152,0,CREW,On-Time,0,23.72,LOW
EK-7197,Emirates,EK,DEL,CCU,Domestic,B787,VT-GAK,T3,B12,Departed,24/12/2024 13:27,24/12/2024 13:27,24/12/2024 19:27,24/12/2024 19:27,24/12/2024,13,201,157,78.31643272745536,4,51.01885164959182,12.754712912397954,6,6,100,95,0,70,0,WX,On-Time,0,17.2,LOW
LH-2918,Lufthansa,LH,DEL,LHR,Long-Haul Intl,A320,VT-RLW,T3,B42,Departed,13/10/2024 04:32,13/10/2024 04:32,13/10/2024 10:32,13/10/2024 06:32,13/10/2024,4,181,169,93.57411557760774,1,11.000912345299348,11.000912345299348,11,11,100,43,1,168,0,TURNAROUND,On-Time,0,33.16,LOW
AF-5157,Air France,AF,DEL,DOH,Long-Haul Intl,B737,VT-PBL,T3,B38,Departed,14/12/2024 15:26,14/12/2024 15:26,14/12/2024 21:26,14/12/2024 18:26,14/12/2024,15,228,198,87.14748555425022,2,34.23491515808207,17.117457579041034,12,5,41.67,69,1,31,0,TECH,On-Time,0,51.1,MEDIUM
SQ-6015,Singapore Airlines,SQ,DEL,CCU,Domestic,A350,VT-KPB,T3,B45,Departed,07/12/2024 04:29,07/12/2024 04:29,07/12/2024 06:29,07/12/2024 14:29,07/12/2024,4,274,184,67.50029661482984,6,133.0420110948998,22.173668515816633,12,7,58.33,99,3,69,0,WX,On-Time,0,46.31,MEDIUM
IX-3803,Air India Express,IX,DEL,DOH,Long-Haul Intl,A320,VT-VUA,T3,B24,Departed,23/10/2024 15:56,23/10/2024 16:56,24/10/2024 01:56,24/10/2024 02:56,23/10/2024,15,326,305,93.66940188315372,1,14.894525763250025,14.894525763250025,6,6,100,42,3,151,60,CREW,Moderate,1,48.39,MEDIUM
AF-4446,Air France,AF,DEL,LHR,Long-Haul Intl,B787,VT-UNB,T3,B8,Departed,02/11/2024 21:21,02/11/2024 21:21,03/11/2024 03:21,03/11/2024 03:21,02/11/2024,21,224,162,72.42397126005984,5,99.93037214448265,19.98607442889653,10,7,70,79,3,132,0,TURNAROUND,On-Time,0,44.67,MEDIUM
AI-3214,Air India,AI,DEL,BOM,Domestic,A320,VT-TPN,T3,B5,Departed,15/12/2024 20:21,15/12/2024 21:21,16/12/2024 01:21,16/12/2024 07:21,15/12/2024,20,309,278,90.21014440406424,3,70.28362956477962,23.427876521593205,11,7,63.64,81,3,189,60,TECH,Moderate,1,40.38,MEDIUM
SG-5210,SpiceJet,SG,DEL,CCU,Domestic,B737,VT-RMH,T3,B26,Departed,23/10/2024 07:11,23/10/2024 07:41,23/10/2024 09:11,23/10/2024 12:41,23/10/2024,7,200,171,85.99821438,3,49.41654681524064,16.47218227174688,11,9,81.82,74,0,231,30,CREW,Moderate,1,14.46,LOW
QR-3312,Qatar Airways,QR,DEL,JFK,Long-Haul Intl,A320,VT-ZSW,T3,B10,Departed,25/12/2024 00:31,25/12/2024 00:31,25/12/2024 06:31,25/12/2024 06:31,25/12/2024,0,195,187,96.25556688277813,1,21.79064411060892,21.79064411060892,8,8,100,88,1,185,0,WX,On-Time,0,15.87,LOW
LH-5752,Lufthansa,LH,DEL,SIN,Long-Haul Intl,A320,VT-IQC,T3,B37,Departed,03/12/2024 12:25,03/12/2024 12:55,03/12/2024 17:25,03/12/2024 18:55,03/12/2024,12,253,223,88.18033251554401,2,19.927717998744022,9.963858999372011,12,6,50,80,1,172,30,TECH,Moderate,1,32.35,LOW
SQ-2562,Singapore Airlines,SQ,DEL,HYD,Domestic,A320,VT-FDX,T3,B32,Departed,09/11/2024 13:43,09/11/2024 14:43,09/11/2024 15:43,09/11/2024 17:43,09/11/2024,13,177,137,77.56824391,2,36.18594136352497,18.092970681762484,6,6,100,81,2,33,60,TURNAROUND,Moderate,1,38.8,MEDIUM
SQ-4788,Singapore Airlines,SQ,DEL,KUL,Long-Haul Intl,A350,VT-FRM,T3,B28,Departed,07/12/2024 14:19,07/12/2024 14:49,08/12/2024 00:19,07/12/2024 22:49,07/12/2024,14,283,205,72.57599731,0,0,0,8,5,62.5,49,1,222,30,TURNAROUND,Moderate,1,35.53,MEDIUM
SG-9477,SpiceJet,SG,DEL,KUL,Long-Haul Intl,A350,VT-DAQ,T3,B28,Departed,17/11/2024 19:16,17/11/2024 19:16,18/11/2024 04:16,18/11/2024 02:16,17/11/2024,19,191,165,86.77909947831623,4,73.50041449039838,18.375103622599596,9,9,100,53,3,51,0,ATC,On-Time,0,53.63,MEDIUM
6E-8541,IndiGo,6E,DEL,BOM,Domestic,A350,VT-CBL,T3,B21,Departed,23/10/2024 10:13,23/10/2024 10:13,23/10/2024 14:13,23/10/2024 18:13,23/10/2024,10,277,274,99.1944721,4,78.96136123,19.740340307794174,7,7,100,60,0,158,0,TURNAROUND,On-Time,0,21.45,LOW
IX-4970,Air India Express,IX,DEL,CDG,Long-Haul Intl,B737,VT-VNE,T3,B12,Departed,16/12/2024 12:25,16/12/2024 12:25,16/12/2024 14:25,16/12/2024 22:25,16/12/2024,12,332,305,91.98242342867646,4,78.53849325726003,19.634623314315007,11,11,100,86,1,208,0,TURNAROUND,On-Time,0,14.48,LOW
6E-3795,IndiGo,6E,DEL,FRA,Long-Haul Intl,A350,VT-FWV,T3,B49,Departed,17/10/2024 14:59,17/10/2024 14:59,17/10/2024 18:59,17/10/2024 21:59,17/10/2024,14,255,208,81.94548007618192,2,15.010275981570526,7.505137990785263,9,6,66.67,56,3,165,0,TURNAROUND,On-Time,0,50.55,MEDIUM
IX-7601,Air India Express,IX,DEL,LHR,Long-Haul Intl,B737,VT-URX,T3,B25,Departed,30/11/2024 19:32,30/11/2024 19:32,30/11/2024 21:32,30/11/2024 23:32,30/11/2024,19,170,145,85.69898921218845,2,46.11189343,23.05594671511315,9,6,66.67,55,0,174,0,TECH,On-Time,0,30.08,LOW
KL-5003,KLM,KL,DEL,JFK,Long-Haul Intl,A350,VT-OLS,T3,B45,Departed,17/11/2024 01:52,17/11/2024 01:52,17/11/2024 11:52,17/11/2024 08:52,17/11/2024,1,277,205,74.08424686594651,3,76.23417610068049,25.411392033560162,10,10,100,85,1,74,0,ATC,On-Time,0,27.01,LOW
SQ-355,Singapore Airlines,SQ,DEL,HYD,Domestic,B737,VT-LPQ,T3,B50,Departed,04/12/2024 23:15,04/12/2024 23:45,05/12/2024 04:15,05/12/2024 08:45,04/12/2024,23,273,232,85.13594502277193,0,0,0,7,7,100,72,1,201,30,CREW,Moderate,1,20.01,LOW
SG-333,SpiceJet,SG,DEL,MAA,Domestic,A350,VT-TGA,T3,B31,Departed,26/10/2024 05:31,26/10/2024 05:31,26/10/2024 11:31,26/10/2024 12:31,26/10/2024,5,171,141,82.53229542820672,2,53.02231899337997,26.511159496689984,9,9,100,54,1,229,0,TECH,On-Time,0,23.77,LOW
EK-9877,Emirates,EK,DEL,JFK,Long-Haul Intl,A350,VT-TFG,T3,B42,Departed,22/12/2024 12:07,22/12/2024 12:37,22/12/2024 22:07,22/12/2024 18:37,22/12/2024,12,215,202,94.41195220113715,4,98.67998436151062,24.669996090377655,9,9,100,63,0,139,30,CREW,Moderate,1,22.13,LOW
BA-2531,British Airways,BA,DEL,MAA,Domestic,A320,VT-LRB,T3,B8,Departed,19/11/2024 09:17,19/11/2024 09:47,19/11/2024 16:17,19/11/2024 12:47,19/11/2024,9,215,178,82.89055388312305,4,68.38762251444969,17.096905628612422,7,7,100,85,0,234,30,TURNAROUND,Moderate,1,5.8,LOW
QR-3388,Qatar Airways,QR,DEL,BOM,Domestic,B787,VT-JCE,T3,B50,Departed,11/12/2024 08:25,11/12/2024 08:25,11/12/2024 15:25,11/12/2024 10:25,11/12/2024,8,288,240,83.33546017245055,3,51.13940767256143,17.046469224187145,7,7,100,38,3,94,0,TURNAROUND,On-Time,0,54.97,MEDIUM
IX-9919,Air India Express,IX,DEL,BOM,Domestic,A350,VT-COI,T3,B12,Departed,10/10/2024 18:07,10/10/2024 19:07,11/10/2024 00:07,11/10/2024 03:07,10/10/2024,18,285,259,91.14953773912605,4,68.37548881211632,17.09387220302908,9,6,66.67,89,2,40,60,TURNAROUND,Moderate,1,43.7,MEDIUM
LH-2053,Lufthansa,LH,DEL,KUL,Long-Haul Intl,B787,VT-LUP,T3,B12,Departed,23/11/2024 03:33,23/11/2024 03:33,23/11/2024 07:33,23/11/2024 13:33,23/11/2024,3,196,189,96.83818334,3,50.26291628067858,16.75430542689286,7,5,71.43,62,1,191,0,WX,On-Time,0,31.56,LOW
AI-3063,Air India,AI,DEL,DOH,Long-Haul Intl,B737,VT-VVY,T3,B27,Departed,20/12/2024 07:44,20/12/2024 07:44,20/12/2024 10:44,20/12/2024 15:44,20/12/2024,7,194,201,103.74925351458712,2,42.86030126569957,21.430150632849784,9,9,100,38,2,152,0,CREW,On-Time,0,43.03,MEDIUM
KL-7305,KLM,KL,DEL,JFK,Long-Haul Intl,B737,VT-IAO,T3,B9,Departed,19/11/2024 12:05,19/11/2024 12:05,19/11/2024 22:05,19/11/2024 15:05,19/11/2024,12,230,192,83.89542752,0,0,0,9,5,55.56,56,0,106,0,TECH,On-Time,0,38.69,MEDIUM
SG-315,SpiceJet,SG,DEL,MAA,Domestic,B787,VT-DUL,T3,B48,Departed,22/12/2024 13:02,22/12/2024 13:02,22/12/2024 19:02,22/12/2024 20:02,22/12/2024,13,180,150,83.62771612,2,21.932273454831282,10.966136727415641,10,6,60,79,0,188,0,WX,On-Time,0,22.08,LOW
QR-6130,Qatar Airways,QR,DEL,HYD,Domestic,A320,VT-ZQZ,T3,B33,Departed,14/11/2024 08:30,14/11/2024 09:00,14/11/2024 14:30,14/11/2024 11:00,14/11/2024,8,326,274,84.11048994931343,0,0,0,6,6,100,100,1,78,30,WX,Moderate,1,21.39,LOW
AI-362,Air India,AI,DEL,HYD,Domestic,A320,VT-HGT,T3,B7,Departed,19/12/2024 03:56,19/12/2024 03:56,19/12/2024 05:56,19/12/2024 12:56,19/12/2024,3,232,178,76.93406086309754,6,133.51074316007112,22.25179052667852,9,8,88.89,68,0,108,0,TURNAROUND,On-Time,0,25.98,LOW
AI-4367,Air India,AI,DEL,CDG,Long-Haul Intl,A320,VT-RFY,T3,B26,Departed,02/11/2024 18:14,02/11/2024 18:14,02/11/2024 22:14,02/11/2024 23:14,02/11/2024,18,187,157,84.42589386,7,145.09896642186146,20.728423774551636,8,8,100,89,3,201,0,WX,On-Time,0,27.4,LOW
IX-9950,Air India Express,IX,DEL,MAA,Domestic,A320,VT-MMI,T3,B34,Departed,02/12/2024 20:25,02/12/2024 20:25,02/12/2024 22:25,03/12/2024 02:25,02/12/2024,20,299,234,78.56687975018403,5,64.68321549511143,12.936643099022286,11,11,100,35,0,221,0,CREW,On-Time,0,24.48,LOW
IX-6230,Air India Express,IX,DEL,LHR,Long-Haul Intl,A350,VT-PTZ,T3,B37,Departed,20/12/2024 16:37,20/12/2024 16:37,20/12/2024 22:37,21/12/2024 02:37,20/12/2024,16,167,144,86.31258239240975,4,58.51702757,14.629256893693825,12,6,50,72,1,169,0,TECH,On-Time,0,35.42,MEDIUM
LH-3101,Lufthansa,LH,DEL,LHR,Long-Haul Intl,A350,VT-KCA,T3,B30,Departed,26/12/2024 12:16,26/12/2024 12:16,26/12/2024 17:16,26/12/2024 16:16,26/12/2024,12,299,288,96.42575801381672,4,56.535692697289456,14.133923174322364,6,6,100,40,0,102,0,ATC,On-Time,0,33.55,LOW
BA-4273,British Airways,BA,DEL,KUL,Long-Haul Intl,B737,VT-YDD,T3,B36,Departed,24/11/2024 11:57,24/11/2024 12:27,24/11/2024 16:57,24/11/2024 16:27,24/11/2024,11,216,180,83.46265405,5,82.06933052,16.4138661,6,6,100,59,0,84,30,TURNAROUND,Moderate,1,28.53,LOW
EK-9305,Emirates,EK,DEL,CCU,Domestic,B737,VT-VLE,T3,B33,Departed,30/10/2024 11:58,30/10/2024 11:58,30/10/2024 16:58,30/10/2024 16:58,30/10/2024,11,213,157,74.02840298,2,21.201536198334466,10.600768099167233,6,6,100,51,3,83,0,CREW,On-Time,0,51.42,MEDIUM
AF-7671,Air France,AF,DEL,CCU,Domestic,B787,VT-ILX,T3,B9,Departed,04/12/2024 09:04,04/12/2024 09:04,04/12/2024 19:04,04/12/2024 18:04,04/12/2024,9,316,233,73.91479518786726,5,117.33191574118672,23.466383148237345,10,4,40,95,0,90,0,ATC,On-Time,0,30.39,LOW
AI-4121,Air India,AI,DEL,FRA,Long-Haul Intl,B787,VT-LFR,T3,B49,Departed,04/12/2024 15:33,04/12/2024 15:33,04/12/2024 23:33,04/12/2024 19:33,04/12/2024,15,251,228,91.07557075576624,1,5.426298436022334,5.426298436022334,9,9,100,46,3,23,0,ATC,On-Time,0,58.63,MEDIUM
AI-1718,Air India,AI,DEL,CCU,Domestic,B787,VT-MWI,T3,B27,Departed,17/10/2024 07:05,17/10/2024 08:05,17/10/2024 11:05,17/10/2024 10:05,17/10/2024,7,218,184,84.58319366007868,5,89.37915945461677,17.875831890923354,10,4,40,40,1,212,60,TURNAROUND,Moderate,1,45.21,MEDIUM
AF-2221,Air France,AF,DEL,AMS,Long-Haul Intl,B737,VT-BSK,T3,B28,Departed,11/12/2024 20:51,11/12/2024 20:51,11/12/2024 22:51,12/12/2024 05:51,11/12/2024,20,257,231,90.19070078,1,5.681798098271962,5.681798098271962,9,8,88.89,61,1,162,0,TECH,On-Time,0,30.19,LOW
6E-6035,IndiGo,6E,DEL,SIN,Long-Haul Intl,A350,VT-TXQ,T3,B5,Departed,03/11/2024 17:58,03/11/2024 17:58,04/11/2024 00:58,04/11/2024 03:58,03/11/2024,17,172,142,83.01168480717577,1,29.281821145163818,29.281821145163818,10,10,100,42,0,123,0,TURNAROUND,On-Time,0,30.94,LOW
EK-5266,Emirates,EK,DEL,CDG,Long-Haul Intl,A350,VT-TJD,T3,B44,Departed,10/11/2024 05:10,10/11/2024 05:10,10/11/2024 15:10,10/11/2024 13:10,10/11/2024,5,281,229,81.82732815338262,4,70.39257372462133,17.598143431155332,10,7,70,99,1,223,0,WX,On-Time,0,16.06,LOW
SQ-9679,Singapore Airlines,SQ,DEL,DXB,Long-Haul Intl,B737,VT-JVU,T3,B7,Departed,18/12/2024 12:27,18/12/2024 12:27,18/12/2024 17:27,18/12/2024 18:27,18/12/2024,12,311,263,84.86891798969178,4,78.13173104824243,19.532932762060607,11,8,72.73,91,0,169,0,WX,On-Time,0,16.42,LOW
EK-270,Emirates,EK,DEL,BLR,Domestic,B737,VT-HVH,T3,B13,Departed,13/12/2024 20:24,13/12/2024 20:24,14/12/2024 05:24,14/12/2024 04:24,13/12/2024,20,248,203,82.10351631457084,3,32.83373857795316,10.944579525984388,8,7,87.5,74,1,233,0,ATC,On-Time,0,19.53,LOW
AF-9140,Air France,AF,DEL,JFK,Long-Haul Intl,B787,VT-GMI,T3,B47,Departed,09/12/2024 00:34,09/12/2024 01:04,09/12/2024 06:34,09/12/2024 10:04,09/12/2024,0,326,305,93.56352104071289,4,48.648367461167325,12.162091865291831,10,7,70,48,0,194,30,TECH,Moderate,1,29.88,LOW
BA-8354,British Airways,BA,DEL,FRA,Long-Haul Intl,A350,VT-SFX,T3,B9,Departed,21/11/2024 12:45,21/11/2024 12:45,21/11/2024 16:45,21/11/2024 21:45,21/11/2024,12,326,277,85.23386713059952,4,51.28122893,12.820307231645575,11,11,100,69,0,228,0,TECH,On-Time,0,11.94,LOW
6E-4717,IndiGo,6E,DEL,BOM,Domestic,A350,VT-ZZN,T3,B34,Departed,14/12/2024 19:55,14/12/2024 19:55,15/12/2024 01:55,14/12/2024 23:55,14/12/2024,19,270,232,85.96195196029306,3,46.11063290504244,15.37021096834748,7,5,71.43,82,0,112,0,CREW,On-Time,0,25.08,LOW
BA-6413,British Airways,BA,DEL,BOM,Domestic,B787,VT-DQD,T3,B23,Departed,05/11/2024 03:46,05/11/2024 03:46,05/11/2024 05:46,05/11/2024 09:46,05/11/2024,3,246,193,78.47738352237545,5,80.29288633055103,16.058577266110206,8,4,50,90,0,193,0,TURNAROUND,On-Time,0,20.27,LOW
SQ-6988,Singapore Airlines,SQ,DEL,CDG,Long-Haul Intl,A350,VT-MCT,T3,B6,Departed,28/11/2024 10:56,28/11/2024 10:56,28/11/2024 14:56,28/11/2024 14:56,28/11/2024,10,261,242,92.76553335243756,4,85.36542716850248,21.34135679212562,10,6,60,83,3,161,0,ATC,On-Time,0,43.13,MEDIUM
EK-8968,Emirates,EK,DEL,FRA,Long-Haul Intl,A320,VT-XQS,T3,B48,Departed,29/10/2024 08:07,29/10/2024 08:07,29/10/2024 18:07,29/10/2024 18:07,29/10/2024,8,331,307,92.7590614,6,106.32746883122567,17.72124480520428,12,12,100,47,1,197,0,TURNAROUND,On-Time,0,29.13,LOW
AI-524,Air India,AI,DEL,SIN,Long-Haul Intl,A320,VT-FVO,T3,B45,Departed,04/11/2024 10:43,04/11/2024 11:43,04/11/2024 14:43,04/11/2024 21:43,04/11/2024,10,173,149,86.66569107977399,1,22.94129222227967,22.94129222227967,6,6,100,95,1,167,60,CREW,Moderate,1,15.05,LOW
AF-5938,Air France,AF,DEL,BLR,Domestic,B737,VT-IVB,T3,B12,Departed,14/11/2024 04:33,14/11/2024 05:03,14/11/2024 06:33,14/11/2024 12:03,14/11/2024,4,309,229,74.18214161743705,5,96.24849413515153,19.249698827030308,7,7,100,83,3,197,30,ATC,Moderate,1,29.86,LOW
KL-5154,KLM,KL,DEL,AMS,Long-Haul Intl,B737,VT-IEP,T3,B43,Departed,01/11/2024 02:50,01/11/2024 02:50,01/11/2024 06:50,01/11/2024 04:50,01/11/2024,2,171,146,85.80602989843467,2,43.90021931650791,21.950109658253954,7,5,71.43,80,1,131,0,TURNAROUND,On-Time,0,30.72,LOW
LH-5661,Lufthansa,LH,DEL,DOH,Long-Haul Intl,A350,VT-ATU,T3,B19,Departed,23/12/2024 03:45,23/12/2024 03:45,23/12/2024 13:45,23/12/2024 13:45,23/12/2024,3,293,260,88.91328812757749,6,118.95741358867879,19.826235598113133,11,7,63.64,96,1,180,0,TECH,On-Time,0,22.61,LOW
SG-5249,SpiceJet,SG,DEL,HYD,Domestic,A350,VT-UWY,T3,B32,Departed,02/10/2024 07:26,02/10/2024 08:26,02/10/2024 14:26,02/10/2024 13:26,02/10/2024,7,198,163,82.34917900144788,4,100.07660958852418,25.019152397131045,7,5,71.43,42,3,138,60,ATC,Moderate,1,56.72,MEDIUM
SG-8123,SpiceJet,SG,DEL,CCU,Domestic,B737,VT-FDL,T3,B33,Departed,08/12/2024 10:00,08/12/2024 10:00,08/12/2024 17:00,08/12/2024 20:00,08/12/2024,10,215,179,83.4622995,2,30.951601759637505,15.475800879818753,8,5,62.5,77,2,78,0,TECH,On-Time,0,45.49,MEDIUM
SG-6206,SpiceJet,SG,DEL,CCU,Domestic,A320,VT-FRP,T3,B22,Departed,01/12/2024 15:34,01/12/2024 15:34,02/12/2024 01:34,01/12/2024 19:34,01/12/2024,15,310,242,78.29967890271777,2,52.71660425524164,26.35830212762082,10,7,70,54,1,62,0,ATC,On-Time,0,46.45,MEDIUM
6E-5945,IndiGo,6E,DEL,CCU,Domestic,B787,VT-OWE,T3,B16,Departed,12/12/2024 02:24,12/12/2024 02:24,12/12/2024 07:24,12/12/2024 11:24,12/12/2024,2,210,180,86.10457437735342,1,15.322630458707522,15.322630458707522,10,9,90,73,2,226,0,TECH,On-Time,0,26.56,LOW
QR-5531,Qatar Airways,QR,DEL,MAA,Domestic,B737,VT-VCX,T3,B45,Departed,19/12/2024 10:22,19/12/2024 12:52,19/12/2024 19:22,19/12/2024 15:52,19/12/2024,10,165,131,79.40790899980303,2,25.53129991361724,12.76564995680862,12,10,83.33,83,0,31,150,ATC,Moderate,1,29.12,LOW
BA-1834,British Airways,BA,DEL,BOM,Domestic,B737,VT-RSV,T3,B32,Departed,23/12/2024 02:42,23/12/2024 02:42,23/12/2024 09:42,23/12/2024 12:42,23/12/2024,2,204,189,93.06668428174362,5,92.88751842437897,18.577503684875794,6,6,100,98,0,59,0,TURNAROUND,On-Time,0,17.15,LOW
6E-474,IndiGo,6E,DEL,SIN,Long-Haul Intl,B787,VT-WRX,T3,B21,Departed,17/10/2024 00:31,17/10/2024 00:31,17/10/2024 04:31,17/10/2024 07:31,17/10/2024,0,304,280,92.39465983,1,14.877551544558523,14.877551544558523,11,6,54.55,96,1,137,0,TECH,On-Time,0,28.79,LOW
IX-8464,Air India Express,IX,DEL,MAA,Domestic,B737,VT-SHF,T3,B20,Departed,21/11/2024 14:22,21/11/2024 14:52,21/11/2024 16:22,21/11/2024 23:52,21/11/2024,14,296,257,86.90237266869913,3,41.78826174450559,13.929420581501864,6,6,100,88,0,39,30,ATC,Moderate,1,22.47,LOW
IX-6885,Air India Express,IX,DEL,BOM,Domestic,B787,VT-HFV,T3,B38,Departed,14/11/2024 08:00,14/11/2024 08:00,14/11/2024 18:00,14/11/2024 12:00,14/11/2024,8,265,200,75.52157266352324,6,86.17339399,14.362232331443716,7,6,85.71,43,1,185,0,TECH,On-Time,0,35.19,MEDIUM
SQ-9420,Singapore Airlines,SQ,DEL,DOH,Long-Haul Intl,A350,VT-SDX,T3,B39,Departed,17/12/2024 04:20,17/12/2024 04:20,17/12/2024 10:20,17/12/2024 14:20,17/12/2024,4,221,179,81.13605307068974,5,94.71925546,18.94385109235344,12,5,41.67,71,2,150,0,ATC,On-Time,0,46.25,MEDIUM
AI-2000,Air India,AI,DEL,CCU,Domestic,B737,VT-WKZ,T3,B6,Departed,05/10/2024 22:15,05/10/2024 22:15,06/10/2024 03:15,06/10/2024 08:15,05/10/2024,22,281,208,74.34777888565124,4,85.02771252912345,21.256928132280862,6,6,100,83,2,175,0,TECH,On-Time,0,25.19,LOW
QR-826,Qatar Airways,QR,DEL,CDG,Long-Haul Intl,A350,VT-ZPF,T3,B5,Departed,22/11/2024 21:17,22/11/2024 22:17,23/11/2024 07:17,23/11/2024 03:17,22/11/2024,21,299,266,89.02026410405952,3,70.86269816361103,23.62089938787034,8,8,100,75,1,203,60,WX,Moderate,1,18.78,LOW
QR-1916,Qatar Airways,QR,DEL,HYD,Domestic,A320,VT-ZNM,T3,B3,Departed,10/10/2024 06:56,10/10/2024 06:56,10/10/2024 08:56,10/10/2024 13:56,10/10/2024,6,223,182,81.78084194262182,5,71.28522648218359,14.257045296436718,10,4,40,51,0,109,0,ATC,On-Time,0,44.06,MEDIUM
SG-1287,SpiceJet,SG,DEL,SIN,Long-Haul Intl,A320,VT-VEJ,T3,B32,Departed,23/12/2024 15:29,23/12/2024 15:59,24/12/2024 00:29,24/12/2024 01:59,23/12/2024,15,170,152,89.45174158417754,6,108.77265620162242,18.12877603360374,7,6,85.71,55,0,113,30,TURNAROUND,Moderate,1,30.87,LOW
IX-6850,Air India Express,IX,DEL,SIN,Long-Haul Intl,B737,VT-EBF,T3,B35,Departed,22/10/2024 18:53,22/10/2024 18:53,23/10/2024 00:53,22/10/2024 23:53,22/10/2024,18,170,141,83.08795892246637,2,39.13985954198208,19.56992977099104,12,11,91.67,85,3,32,0,CREW,On-Time,0,46.24,MEDIUM
SQ-7671,Singapore Airlines,SQ,DEL,KUL,Long-Haul Intl,B737,VT-QUM,T3,B11,Departed,12/12/2024 14:25,12/12/2024 14:55,12/12/2024 19:25,12/12/2024 19:55,12/12/2024,14,265,205,77.39815446266809,2,41.28912090273012,20.64456045136506,6,6,100,93,3,224,30,ATC,Moderate,1,23.9,LOW
BA-1913,British Airways,BA,DEL,LHR,Long-Haul Intl,A350,VT-JGG,T3,B7,Departed,15/11/2024 14:21,15/11/2024 14:21,15/11/2024 20:21,15/11/2024 19:21,15/11/2024,14,285,209,73.67098460120567,6,112.4093142270878,18.734885704514635,11,10,90.91,73,2,85,0,CREW,On-Time,0,39.15,MEDIUM
LH-9342,Lufthansa,LH,DEL,MAA,Domestic,A350,VT-PSV,T3,B14,Departed,18/11/2024 08:23,18/11/2024 08:23,18/11/2024 12:23,18/11/2024 15:23,18/11/2024,8,262,193,73.86322728274332,3,63.03606612106456,21.012022040354854,8,5,62.5,89,1,56,0,ATC,On-Time,0,36.62,MEDIUM
IX-8829,Air India Express,IX,DEL,FRA,Long-Haul Intl,A350,VT-MBE,T3,B4,Departed,11/10/2024 17:59,11/10/2024 18:59,12/10/2024 01:59,11/10/2024 21:59,11/10/2024,17,293,237,81.07449883994671,3,49.866626428633396,16.622208809544464,8,8,100,75,1,196,60,WX,Moderate,1,19.42,LOW
IX-8282,Air India Express,IX,DEL,LHR,Long-Haul Intl,A320,VT-XGP,T3,B26,Departed,21/10/2024 17:05,21/10/2024 17:05,22/10/2024 02:05,22/10/2024 00:05,21/10/2024,17,251,228,90.89116726853555,4,67.0506901,16.76267252486045,6,6,100,73,1,85,0,CREW,On-Time,0,30.21,LOW
BA-2008,British Airways,BA,DEL,CCU,Domestic,A350,VT-DSZ,T3,B1,Departed,13/12/2024 16:03,13/12/2024 16:03,14/12/2024 02:03,14/12/2024 01:03,13/12/2024,16,297,233,78.59185178875222,2,40.78088840165479,20.390444200827396,10,8,80,47,0,55,0,CREW,On-Time,0,40.37,MEDIUM
EK-8117,Emirates,EK,DEL,MAA,Domestic,B737,VT-DIP,T3,B31,Departed,15/10/2024 11:14,15/10/2024 11:14,15/10/2024 19:14,15/10/2024 15:14,15/10/2024,11,296,293,99.12961630848416,5,93.86113841101529,18.77222768220306,6,6,100,98,0,201,0,TURNAROUND,On-Time,0,4.25,LOW
IX-8442,Air India Express,IX,DEL,CDG,Long-Haul Intl,A320,VT-AGQ,T3,B8,Departed,13/10/2024 03:35,13/10/2024 04:05,13/10/2024 13:35,13/10/2024 13:05,13/10/2024,3,173,177,102.37070468755584,0,0,0,7,7,100,45,2,45,30,TURNAROUND,Moderate,1,50.31,MEDIUM
AI-3260,Air India,AI,DEL,BLR,Domestic,B787,VT-DLU,T3,B22,Departed,09/10/2024 11:51,09/10/2024 11:51,09/10/2024 13:51,09/10/2024 19:51,09/10/2024,11,194,175,90.30297494475468,3,68.95836564336174,22.98612188112058,6,6,100,53,3,94,0,TURNAROUND,On-Time,0,49.72,MEDIUM
EK-2180,Emirates,EK,DEL,BLR,Domestic,B787,VT-CEZ,T3,B25,Departed,25/11/2024 09:29,25/11/2024 10:29,25/11/2024 11:29,25/11/2024 20:29,25/11/2024,9,259,211,81.8467262,2,15.430162820413123,7.715081410206562,8,8,100,45,1,219,60,TURNAROUND,Moderate,1,27.83,LOW
AI-6192,Air India,AI,DEL,BOM,Domestic,B737,VT-RGC,T3,B31,Departed,25/10/2024 06:57,25/10/2024 06:57,25/10/2024 15:57,25/10/2024 16:57,25/10/2024,6,269,209,77.82745755229269,2,47.42382188011841,23.711910940059205,12,10,83.33,80,1,127,0,CREW,On-Time,0,28.11,LOW
UK-9214,Vistara,UK,DEL,AMS,Long-Haul Intl,A350,VT-PJB,T3,B19,Departed,02/10/2024 07:48,02/10/2024 07:48,02/10/2024 09:48,02/10/2024 12:48,02/10/2024,7,261,197,75.76597720881735,3,54.56311260560764,18.187704201869213,6,6,100,79,1,187,0,TECH,On-Time,0,18.83,LOW
AF-294,Air France,AF,DEL,JFK,Long-Haul Intl,B787,VT-PKW,T3,B23,Departed,23/12/2024 22:02,23/12/2024 22:32,24/12/2024 04:02,24/12/2024 04:32,23/12/2024,22,167,162,97.28215950567474,2,45.17139446124487,22.585697230622436,10,7,70,35,2,62,30,TECH,Moderate,1,59.77,MEDIUM
BA-4964,British Airways,BA,DEL,CDG,Long-Haul Intl,A320,VT-QKB,T3,B3,Departed,02/11/2024 03:51,02/11/2024 03:51,02/11/2024 11:51,02/11/2024 07:51,02/11/2024,3,223,191,86.08881809620597,3,47.23732090950205,15.745773636500685,12,5,41.67,74,0,169,0,CREW,On-Time,0,30.14,LOW
IX-2196,Air India Express,IX,DEL,CDG,Long-Haul Intl,B737,VT-KPZ,T3,B25,Departed,29/11/2024 09:12,29/11/2024 10:12,29/11/2024 14:12,29/11/2024 20:12,29/11/2024,9,340,282,83.20753104892303,1,20.28250648840637,20.28250648840637,11,10,90.91,53,3,167,60,CREW,Moderate,1,45.36,MEDIUM
SQ-3226,Singapore Airlines,SQ,DEL,AMS,Long-Haul Intl,B737,VT-LJJ,T3,B20,Departed,06/10/2024 02:29,06/10/2024 02:29,06/10/2024 12:29,06/10/2024 07:29,06/10/2024,2,210,166,79.05009164298038,1,6.855660879365038,6.855660879365038,9,9,100,95,1,27,0,ATC,On-Time,0,27.78,LOW
SQ-4621,Singapore Airlines,SQ,DEL,CDG,Long-Haul Intl,A320,VT-RYR,T3,B27,Departed,24/11/2024 11:50,24/11/2024 11:50,24/11/2024 13:50,24/11/2024 13:50,24/11/2024,11,161,169,105,2,16.15143104473053,8.075715522365265,6,4,66.67,46,3,48,0,CREW,On-Time,0,64.69,HIGH
KL-5445,KLM,KL,DEL,AMS,Long-Haul Intl,A320,VT-PBS,T3,B28,Departed,28/11/2024 07:01,28/11/2024 07:01,28/11/2024 09:01,28/11/2024 11:01,28/11/2024,7,217,202,93.40703024200091,4,34.55304300454843,8.638260751137107,10,10,100,95,0,59,0,TECH,On-Time,0,18.2,LOW
KL-4878,KLM,KL,DEL,LHR,Long-Haul Intl,B737,VT-UVZ,T3,B1,Departed,30/11/2024 01:27,30/11/2024 01:27,30/11/2024 08:27,30/11/2024 04:27,30/11/2024,1,176,143,81.53592163871492,4,78.67611884,19.66902970963605,12,12,100,67,1,237,0,CREW,On-Time,0,18.49,LOW
SG-9839,SpiceJet,SG,DEL,SIN,Long-Haul Intl,B787,VT-YMY,T3,B17,Departed,25/10/2024 07:29,25/10/2024 08:29,25/10/2024 17:29,25/10/2024 16:29,25/10/2024,7,225,180,80.00784838496935,3,64.92991121626693,21.643303738755645,10,5,50,79,1,177,60,CREW,Moderate,1,32.24,LOW
KL-7352,KLM,KL,DEL,BOM,Domestic,A350,VT-TVW,T3,B6,Departed,10/10/2024 08:49,10/10/2024 08:49,10/10/2024 11:49,10/10/2024 18:49,10/10/2024,8,171,141,82.48961064521497,4,32.69272583749871,8.173181459374678,11,6,54.55,42,3,228,0,ATC,On-Time,0,52.75,MEDIUM
BA-7629,British Airways,BA,DEL,SIN,Long-Haul Intl,A350,VT-UXT,T3,B2,Departed,25/10/2024 13:21,25/10/2024 13:21,25/10/2024 17:21,25/10/2024 22:21,25/10/2024,13,287,244,85.35936616493554,0,0,0,8,8,100,59,0,147,0,WX,On-Time,0,22.8,LOW
SQ-5369,Singapore Airlines,SQ,DEL,CDG,Long-Haul Intl,A320,VT-KJU,T3,B6,Departed,06/12/2024 07:13,06/12/2024 07:13,06/12/2024 13:13,06/12/2024 15:13,06/12/2024,7,311,282,90.72140557616248,2,50.08246558277686,25.04123279138843,10,8,80,80,0,103,0,CREW,On-Time,0,24.45,LOW
SQ-5867,Singapore Airlines,SQ,DEL,CCU,Domestic,B787,VT-QJM,T3,B36,Departed,09/11/2024 01:22,09/11/2024 01:22,09/11/2024 09:22,09/11/2024 08:22,09/11/2024,1,287,231,80.5304141,2,51.75101733130094,25.87550866565047,12,4,33.33,64,2,135,0,WX,On-Time,0,52.15,MEDIUM
UK-3750,Vistara,UK,DEL,CDG,Long-Haul Intl,B787,VT-WPJ,T3,B11,Departed,18/11/2024 05:16,18/11/2024 06:16,18/11/2024 09:16,18/11/2024 15:16,18/11/2024,5,206,183,89.22961646694696,4,97.56936175483125,24.392340438707812,10,10,100,81,2,202,60,WX,Moderate,1,23.44,LOW
SG-7742,SpiceJet,SG,DEL,SIN,Long-Haul Intl,A350,VT-ICA,T3,B2,Departed,15/10/2024 21:40,15/10/2024 22:10,16/10/2024 05:40,16/10/2024 04:10,15/10/2024,21,223,187,84.29540298390437,1,9.822126834594616,9.822126834594616,10,10,100,83,1,163,30,WX,Moderate,1,19.62,LOW
6E-8186,IndiGo,6E,DEL,CDG,Long-Haul Intl,B787,VT-GND,T3,B27,Departed,23/10/2024 16:59,23/10/2024 16:59,23/10/2024 18:59,23/10/2024 21:59,23/10/2024,16,305,278,91.43346435916192,2,26.405878497503416,13.202939248751708,10,7,70,81,0,193,0,CREW,On-Time,0,18.42,LOW
UK-2783,Vistara,UK,DEL,HYD,Domestic,B787,VT-UOU,T3,B26,Departed,06/12/2024 09:22,06/12/2024 09:22,06/12/2024 17:22,06/12/2024 14:22,06/12/2024,9,239,178,74.74277280536339,4,70.55148534567715,17.637871336419288,7,7,100,52,0,81,0,WX,On-Time,0,31.25,LOW
KL-6792,KLM,KL,DEL,FRA,Long-Haul Intl,A320,VT-ZJO,T3,B39,Departed,02/11/2024 09:04,02/11/2024 09:04,02/11/2024 16:04,02/11/2024 14:04,02/11/2024,9,321,288,90.01412613818425,3,39.31923213457192,13.106410711523973,7,6,85.71,100,0,26,0,ATC,On-Time,0,23.03,LOW
LH-5042,Lufthansa,LH,DEL,DXB,Long-Haul Intl,B787,VT-YGJ,T3,B43,Departed,24/10/2024 11:47,24/10/2024 11:47,24/10/2024 13:47,24/10/2024 14:47,24/10/2024,11,320,328,102.7319906530704,1,5.298726291199683,5.298726291199683,8,8,100,67,2,227,0,TECH,On-Time,0,26.07,LOW
SG-3832,SpiceJet,SG,DEL,BLR,Domestic,A350,VT-AYW,T3,B2,Departed,31/10/2024 04:35,31/10/2024 04:35,31/10/2024 08:35,31/10/2024 09:35,31/10/2024,4,301,262,87.24974337086078,3,65.83559435417884,21.94519811805961,6,6,100,70,0,64,0,TECH,On-Time,0,26.5,LOW
AF-9030,Air France,AF,DEL,MAA,Domestic,B787,VT-XSE,T3,B36,Departed,01/10/2024 05:06,01/10/2024 05:36,01/10/2024 14:06,01/10/2024 13:36,01/10/2024,5,225,197,87.72204477092356,1,6.4183517145102496,6.4183517145102496,10,4,40,53,2,206,30,TECH,Moderate,1,47.87,MEDIUM
EK-488,Emirates,EK,DEL,BOM,Domestic,A320,VT-SPH,T3,B4,Departed,03/10/2024 10:40,03/10/2024 13:10,03/10/2024 19:40,03/10/2024 23:10,03/10/2024,10,289,244,84.46254828061122,2,32.65513059,16.32756529644925,11,8,72.73,62,0,203,150,WX,Moderate,1,23.48,LOW
EK-7796,Emirates,EK,DEL,DXB,Long-Haul Intl,A350,VT-WEO,T3,B38,Departed,28/11/2024 09:05,28/11/2024 09:05,28/11/2024 13:05,28/11/2024 15:05,28/11/2024,9,326,301,92.34943242214617,1,31.97665599166664,31.97665599166664,6,6,100,74,3,195,0,ATC,On-Time,0,33.19,LOW
AF-850,Air France,AF,DEL,HYD,Domestic,B787,VT-VBH,T3,B39,Departed,16/10/2024 04:29,16/10/2024 04:29,16/10/2024 07:29,16/10/2024 10:29,16/10/2024,4,291,219,75.48483183804387,5,67.08964208625102,13.417928417250204,11,11,100,49,2,174,0,ATC,On-Time,0,37.18,MEDIUM
AI-8979,Air India,AI,DEL,MAA,Domestic,B737,VT-YMC,T3,B2,Departed,27/12/2024 06:20,27/12/2024 06:20,27/12/2024 11:20,27/12/2024 13:20,27/12/2024,6,218,180,82.95838609046936,4,95.78028330816961,23.945070827042404,6,4,66.67,75,1,200,0,CREW,On-Time,0,27.39,LOW
KL-1782,KLM,KL,DEL,DOH,Long-Haul Intl,B787,VT-OTO,T3,B18,Departed,19/11/2024 23:04,19/11/2024 23:04,20/11/2024 06:04,20/11/2024 08:04,19/11/2024,23,274,234,85.68279221787625,3,54.38892902160994,18.129643007203313,8,8,100,73,3,234,0,TURNAROUND,On-Time,0,30,LOW
SG-9379,SpiceJet,SG,DEL,LHR,Long-Haul Intl,A320,VT-NWH,T3,B50,Departed,17/10/2024 03:48,17/10/2024 03:48,17/10/2024 06:48,17/10/2024 05:48,17/10/2024,3,229,240,105,2,28.72021296155187,14.360106480775935,10,9,90,36,2,107,0,TURNAROUND,On-Time,0,50.32,MEDIUM
AI-6381,Air India,AI,DEL,DOH,Long-Haul Intl,A320,VT-QNO,T3,B42,Departed,02/11/2024 18:32,02/11/2024 19:02,03/11/2024 00:32,02/11/2024 21:02,02/11/2024,18,254,203,80.26248710273096,2,23.539734112926467,11.769867056463234,10,7,70,97,1,92,30,TURNAROUND,Moderate,1,28.67,LOW
EK-2460,Emirates,EK,DEL,CDG,Long-Haul Intl,A350,VT-QRR,T3,B33,Departed,24/11/2024 23:49,25/11/2024 00:19,25/11/2024 07:49,25/11/2024 03:19,24/11/2024,23,242,196,81.20433313537285,1,6.292652872068979,6.292652872068979,9,9,100,63,2,182,30,ATC,Moderate,1,31.56,LOW
EK-3938,Emirates,EK,DEL,MAA,Domestic,B737,VT-IBN,T3,B43,Departed,22/12/2024 22:15,22/12/2024 22:45,23/12/2024 00:15,23/12/2024 04:45,22/12/2024,22,275,279,101.52971410987097,2,14.888069701991725,7.4440348509958625,11,8,72.73,100,1,198,30,WX,Moderate,1,17.3,LOW
EK-301,Emirates,EK,DEL,FRA,Long-Haul Intl,A350,VT-ZSS,T3,B39,Departed,16/10/2024 20:30,16/10/2024 20:30,16/10/2024 23:30,16/10/2024 23:30,16/10/2024,20,259,241,93.26286903,2,61.16441514,30.58220756925435,6,6,100,85,0,231,0,TURNAROUND,On-Time,0,6.07,LOW
UK-9035,Vistara,UK,DEL,SIN,Long-Haul Intl,A350,VT-YUA,T3,B16,Departed,09/10/2024 16:32,09/10/2024 16:32,09/10/2024 20:32,10/10/2024 02:32,09/10/2024,16,319,281,88.15398455,4,99.62476826,24.906192064183124,6,6,100,44,0,56,0,WX,On-Time,0,36.33,MEDIUM
IX-224,Air India Express,IX,DEL,MAA,Domestic,B737,VT-DHF,T3,B36,Departed,25/12/2024 05:41,25/12/2024 05:41,25/12/2024 10:41,25/12/2024 08:41,25/12/2024,5,328,296,90.47357410288464,1,19.299167289621096,19.299167289621096,7,4,57.14,48,3,228,0,TECH,On-Time,0,50.01,MEDIUM
SQ-8525,Singapore Airlines,SQ,DEL,DXB,Long-Haul Intl,A350,VT-RYS,T3,B48,Departed,13/10/2024 17:03,13/10/2024 17:03,14/10/2024 01:03,13/10/2024 22:03,13/10/2024,17,309,289,93.63145776176113,5,70.94818075732186,14.189636151464374,9,4,44.44,85,3,138,0,ATC,On-Time,0,48.41,MEDIUM
6E-9579,IndiGo,6E,DEL,AMS,Long-Haul Intl,B787,VT-WUX,T3,B10,Departed,05/11/2024 15:54,05/11/2024 15:54,05/11/2024 23:54,06/11/2024 01:54,05/11/2024,15,286,281,98.2588554,1,15.787291951174968,15.787291951174968,12,11,91.67,73,0,76,0,ATC,On-Time,0,26.44,LOW
KL-2848,KLM,KL,DEL,KUL,Long-Haul Intl,A350,VT-XAW,T3,B39,Departed,09/10/2024 12:09,09/10/2024 12:39,09/10/2024 15:09,09/10/2024 16:39,09/10/2024,12,197,175,88.88416967692578,4,44.92949293189755,11.232373232974387,12,11,91.67,62,0,27,30,TURNAROUND,Moderate,1,34.75,LOW
KL-2220,KLM,KL,DEL,BLR,Domestic,B737,VT-VFQ,T3,B15,Departed,01/12/2024 07:08,01/12/2024 07:08,01/12/2024 11:08,01/12/2024 13:08,01/12/2024,7,257,221,86.22647625088925,2,43.302833484954455,21.651416742477227,7,7,100,37,0,226,0,WX,On-Time,0,23.32,LOW
QR-1033,Qatar Airways,QR,DEL,JFK,Long-Haul Intl,B737,VT-HLA,T3,B15,Departed,27/12/2024 15:27,27/12/2024 15:27,27/12/2024 21:27,27/12/2024 20:27,27/12/2024,15,164,152,92.83838667,1,24.85582959300656,24.85582959300656,7,7,100,61,0,114,0,ATC,On-Time,0,25.1,LOW
AI-5651,Air India,AI,DEL,BOM,Domestic,B737,VT-UPJ,T3,B15,Departed,27/12/2024 17:20,27/12/2024 17:50,27/12/2024 23:20,28/12/2024 00:50,27/12/2024,17,316,290,91.98381238303986,6,135.2568205080263,22.542803418004382,7,5,71.43,36,3,136,30,CREW,Moderate,1,59,MEDIUM
AI-176,Air India,AI,DEL,DXB,Long-Haul Intl,B787,VT-UDT,T3,B21,Departed,27/12/2024 13:20,27/12/2024 13:20,27/12/2024 19:20,27/12/2024 16:20,27/12/2024,13,180,165,91.98508149895665,2,53.810356471859244,26.905178235929622,11,5,45.45,72,2,129,0,WX,On-Time,0,46.86,MEDIUM
QR-645,Qatar Airways,QR,DEL,DXB,Long-Haul Intl,A350,VT-PLB,T3,B21,Departed,13/11/2024 05:55,13/11/2024 05:55,13/11/2024 14:55,13/11/2024 08:55,13/11/2024,5,242,224,92.62540283530632,3,45.647159492045866,15.215719830681955,11,11,100,37,0,39,0,ATC,On-Time,0,40.32,MEDIUM
QR-374,Qatar Airways,QR,DEL,JFK,Long-Haul Intl,A350,VT-JQS,T3,B26,Departed,05/11/2024 06:22,05/11/2024 07:22,05/11/2024 13:22,05/11/2024 16:22,05/11/2024,6,236,200,85.08257250793882,1,14.165536472526354,14.165536472526354,8,8,100,50,0,143,60,ATC,Moderate,1,26.32,LOW
UK-8594,Vistara,UK,DEL,CCU,Domestic,A350,VT-RXY,T3,B31,Departed,11/12/2024 09:32,11/12/2024 09:32,11/12/2024 15:32,11/12/2024 19:32,11/12/2024,9,242,200,82.86365842330913,7,132.49585521066294,18.92797931580899,8,7,87.5,74,0,72,0,TURNAROUND,On-Time,0,27.5,LOW
LH-8819,Lufthansa,LH,DEL,FRA,Long-Haul Intl,A350,VT-QZK,T3,B1,Departed,13/10/2024 17:10,13/10/2024 17:10,13/10/2024 20:10,14/10/2024 01:10,13/10/2024,17,303,266,87.80415472,8,176.57062928379125,22.071328660473906,7,4,57.14,36,0,138,0,TECH,On-Time,0,42.39,MEDIUM
KL-7299,KLM,KL,DEL,DOH,Long-Haul Intl,A320,VT-AJQ,T3,B42,Departed,03/11/2024 17:48,03/11/2024 17:48,04/11/2024 00:48,03/11/2024 22:48,03/11/2024,17,219,210,96.22903833822114,3,80.21808913977748,26.73936304659249,9,9,100,75,2,31,0,CREW,On-Time,0,41.08,MEDIUM
KL-6520,KLM,KL,DEL,KUL,Long-Haul Intl,A350,VT-IBT,T3,B12,Departed,03/10/2024 21:26,03/10/2024 21:26,03/10/2024 23:26,04/10/2024 03:26,03/10/2024,21,307,297,97.00676465205903,0,0,0,6,6,100,46,0,196,0,ATC,On-Time,0,22.9,LOW
AF-1204,Air France,AF,DEL,SIN,Long-Haul Intl,B737,VT-INJ,T3,B46,Departed,13/10/2024 12:50,13/10/2024 13:50,13/10/2024 20:50,13/10/2024 15:50,13/10/2024,12,270,247,91.59531228763213,1,23.054014815412454,23.054014815412454,11,9,81.82,69,0,36,60,ATC,Moderate,1,33.94,LOW
AI-763,Air India,AI,DEL,BOM,Domestic,A350,VT-WDY,T3,B48,Departed,08/12/2024 23:11,09/12/2024 01:41,09/12/2024 02:11,09/12/2024 11:41,08/12/2024,23,211,192,91.11327601042298,2,49.061801217504524,24.530900608752262,9,8,88.89,99,1,83,150,CREW,Moderate,1,24.07,LOW
BA-5201,British Airways,BA,DEL,BLR,Domestic,B737,VT-IJD,T3,B1,Departed,15/11/2024 12:39,15/11/2024 12:39,15/11/2024 15:39,15/11/2024 17:39,15/11/2024,12,170,178,105,3,52.107941986880576,17.369313995626857,10,8,80,89,1,61,0,CREW,On-Time,0,31.79,LOW
UK-1208,Vistara,UK,DEL,BLR,Domestic,B787,VT-MKC,T3,B12,Departed,05/10/2024 05:24,05/10/2024 05:24,05/10/2024 15:24,05/10/2024 08:24,05/10/2024,5,210,155,73.88637399945914,1,22.76164388275155,22.76164388275155,11,8,72.73,79,3,113,0,TURNAROUND,On-Time,0,45.71,MEDIUM
AF-5458,Air France,AF,DEL,BLR,Domestic,B787,VT-YID,T3,B39,Departed,08/11/2024 19:48,08/11/2024 19:48,08/11/2024 23:48,09/11/2024 01:48,08/11/2024,19,269,223,83.00673622609409,0,0,0,11,4,36.36,96,0,176,0,CREW,On-Time,0,23.13,LOW
6E-7501,IndiGo,6E,DEL,MAA,Domestic,B737,VT-QOL,T3,B15,Departed,13/11/2024 04:20,13/11/2024 04:20,13/11/2024 07:20,13/11/2024 08:20,13/11/2024,4,324,272,83.96958754123277,1,13.88790414549532,13.88790414549532,8,4,50,83,0,166,0,ATC,On-Time,0,25.18,LOW
AI-1748,Air India,AI,DEL,JFK,Long-Haul Intl,A350,VT-AIN,T3,B40,Departed,25/10/2024 07:13,25/10/2024 07:13,25/10/2024 15:13,25/10/2024 16:13,25/10/2024,7,316,265,83.98916822858983,4,78.14163355914525,19.535408389786312,6,6,100,59,1,30,0,WX,On-Time,0,40.11,MEDIUM
QR-4405,Qatar Airways,QR,DEL,CDG,Long-Haul Intl,B787,VT-CAC,T3,B4,Departed,10/10/2024 17:20,10/10/2024 17:20,11/10/2024 02:20,11/10/2024 00:20,10/10/2024,17,244,256,105,4,86.48876655784399,21.622191639460997,6,6,100,57,1,117,0,TURNAROUND,On-Time,0,32.9,LOW
EK-967,Emirates,EK,DEL,CDG,Long-Haul Intl,B787,VT-IYN,T3,B14,Departed,04/10/2024 16:32,04/10/2024 17:32,05/10/2024 00:32,05/10/2024 00:32,04/10/2024,16,292,235,80.75097498189842,1,11.750943324590033,11.750943324590033,12,8,66.67,58,2,197,60,ATC,Moderate,1,40.27,MEDIUM
UK-2802,Vistara,UK,DEL,CDG,Long-Haul Intl,B787,VT-WQZ,T3,B1,Departed,23/12/2024 09:50,23/12/2024 09:50,23/12/2024 11:50,23/12/2024 16:50,23/12/2024,9,179,148,82.70564061952474,5,94.33704548,18.86740909599676,12,5,41.67,72,0,90,0,TURNAROUND,On-Time,0,38.02,MEDIUM
EK-5194,Emirates,EK,DEL,SIN,Long-Haul Intl,A320,VT-ZAJ,T3,B3,Departed,13/12/2024 09:09,13/12/2024 09:09,13/12/2024 12:09,13/12/2024 18:09,13/12/2024,9,321,257,80.14766737134732,5,88.61798016480591,17.723596032961183,12,11,91.67,62,0,127,0,ATC,On-Time,0,25.66,LOW
LH-5558,Lufthansa,LH,DEL,AMS,Long-Haul Intl,B787,VT-DDY,T3,B23,Departed,05/11/2024 13:59,05/11/2024 13:59,05/11/2024 20:59,05/11/2024 20:59,05/11/2024,13,271,238,88.13233832657576,2,35.85726413444901,17.928632067224505,12,5,41.67,55,3,77,0,TECH,On-Time,0,65.15,HIGH
LH-5393,Lufthansa,LH,DEL,MAA,Domestic,A320,VT-IRV,T3,B19,Departed,06/11/2024 10:46,06/11/2024 10:46,06/11/2024 16:46,06/11/2024 13:46,06/11/2024,10,193,161,83.51128782,8,130.0414821409608,16.25518527,10,10,100,88,0,53,0,WX,On-Time,0,21.2,LOW
QR-9424,Qatar Airways,QR,DEL,KUL,Long-Haul Intl,B737,VT-QTE,T3,B4,Departed,25/10/2024 06:48,25/10/2024 06:48,25/10/2024 16:48,25/10/2024 13:48,25/10/2024,6,286,256,89.60660878006307,1,14.198024694060733,14.198024694060733,10,5,50,52,0,39,0,CREW,On-Time,0,47.57,MEDIUM
UK-2273,Vistara,UK,DEL,KUL,Long-Haul Intl,B737,VT-CZG,T3,B47,Departed,02/12/2024 22:21,02/12/2024 22:21,03/12/2024 01:21,03/12/2024 05:21,02/12/2024,22,174,134,77.10526842646743,6,102.08800908356102,17.014668180593503,11,11,100,70,1,69,0,TECH,On-Time,0,32.71,LOW
AF-4257,Air France,AF,DEL,BLR,Domestic,A320,VT-PSN,T3,B3,Departed,02/12/2024 09:10,02/12/2024 09:10,02/12/2024 13:10,02/12/2024 12:10,02/12/2024,9,332,260,78.55982698,3,64.23780636206877,21.412602120689588,7,7,100,79,0,121,0,CREW,On-Time,0,18.17,LOW
LH-2092,Lufthansa,LH,DEL,BLR,Domestic,B787,VT-YDH,T3,B2,Departed,29/11/2024 16:34,29/11/2024 16:34,29/11/2024 19:34,29/11/2024 18:34,29/11/2024,16,308,256,83.16764163,2,30.318650479207044,15.159325239603522,8,8,100,87,0,235,0,WX,On-Time,0,5,LOW
SG-7154,SpiceJet,SG,DEL,DOH,Long-Haul Intl,A320,VT-ZYV,T3,B30,Departed,14/10/2024 19:48,14/10/2024 20:18,15/10/2024 00:48,14/10/2024 22:18,14/10/2024,19,315,264,84.03162216,1,16.374905658264794,16.374905658264794,8,5,62.5,64,3,157,30,CREW,Moderate,1,49.52,MEDIUM
6E-299,IndiGo,6E,DEL,CDG,Long-Haul Intl,B737,VT-LSP,T3,B33,Departed,21/10/2024 18:04,21/10/2024 18:04,21/10/2024 20:04,21/10/2024 20:04,21/10/2024,18,266,279,105,2,40.96729384135425,20.483646920677124,12,10,83.33,94,0,179,0,CREW,On-Time,0,11.81,LOW
EK-454,Emirates,EK,DEL,AMS,Long-Haul Intl,B737,VT-VHN,T3,B5,Departed,21/11/2024 13:09,21/11/2024 13:09,21/11/2024 18:09,21/11/2024 15:09,21/11/2024,13,231,206,89.51830000857848,4,101.65553296148178,25.413883240370446,11,9,81.82,66,3,71,0,ATC,On-Time,0,51.81,MEDIUM
6E-527,IndiGo,6E,DEL,JFK,Long-Haul Intl,A350,VT-ANM,T3,B48,Departed,17/11/2024 18:22,17/11/2024 18:52,18/11/2024 02:22,17/11/2024 22:52,17/11/2024,18,327,301,92.05338254986988,0,0,0,9,7,77.78,62,3,34,30,WX,Moderate,1,57.58,MEDIUM
SG-8869,SpiceJet,SG,DEL,CDG,Long-Haul Intl,B787,VT-MWE,T3,B13,Departed,05/12/2024 07:09,05/12/2024 09:39,05/12/2024 17:09,05/12/2024 14:39,05/12/2024,7,231,183,79.48825173196491,3,68.08568516162165,22.69522838720722,7,7,100,78,0,103,150,TURNAROUND,Moderate,1,20.15,LOW
BA-4304,British Airways,BA,DEL,CDG,Long-Haul Intl,B737,VT-CTJ,T3,B45,Departed,04/11/2024 22:02,04/11/2024 22:02,05/11/2024 02:02,05/11/2024 04:02,04/11/2024,22,326,299,91.74130841273544,0,0,0,11,7,63.64,75,2,150,0,ATC,On-Time,0,39.36,MEDIUM
LH-7314,Lufthansa,LH,DEL,SIN,Long-Haul Intl,B737,VT-NCG,T3,B39,Departed,18/12/2024 10:50,18/12/2024 10:50,18/12/2024 13:50,18/12/2024 18:50,18/12/2024,10,176,163,92.95646530843598,3,64.21025976796601,21.403419922655335,7,5,71.43,97,0,56,0,CREW,On-Time,0,24.92,LOW
UK-2119,Vistara,UK,DEL,LHR,Long-Haul Intl,A320,VT-CSW,T3,B4,Departed,26/12/2024 07:45,26/12/2024 08:45,26/12/2024 15:45,26/12/2024 12:45,26/12/2024,7,166,138,83.36475043962258,7,115.93376780562377,16.561966829374825,7,7,100,57,3,145,60,WX,Moderate,1,43.69,MEDIUM
KL-7267,KLM,KL,DEL,DXB,Long-Haul Intl,A320,VT-VVH,T3,B3,Departed,13/12/2024 03:12,13/12/2024 03:12,13/12/2024 08:12,13/12/2024 06:12,13/12/2024,3,253,216,85.38952749450091,3,41.838190631842174,13.94606354394739,7,7,100,82,3,59,0,WX,On-Time,0,42.75,MEDIUM
KL-3486,KLM,KL,DEL,BOM,Domestic,B787,VT-MJD,T3,B41,Departed,10/10/2024 10:35,10/10/2024 10:35,10/10/2024 20:35,10/10/2024 19:35,10/10/2024,10,304,289,95.17481148007172,4,109.89052083896851,27.472630209742128,11,5,45.45,66,0,91,0,TECH,On-Time,0,39.08,MEDIUM
SG-3814,SpiceJet,SG,DEL,HYD,Domestic,A350,VT-RCV,T3,B17,Departed,24/12/2024 03:01,24/12/2024 03:31,24/12/2024 10:01,24/12/2024 10:31,24/12/2024,3,293,258,88.10273689720948,1,21.240765981288064,21.240765981288064,12,8,66.67,91,3,59,30,WX,Moderate,1,47.94,MEDIUM
SG-5710,SpiceJet,SG,DEL,CCU,Domestic,A350,VT-OFU,T3,B27,Departed,18/12/2024 22:05,18/12/2024 22:35,19/12/2024 07:05,19/12/2024 04:35,18/12/2024,22,300,250,83.58439135306224,6,105.11630845180515,17.519384741967524,8,4,50,67,1,75,30,WX,Moderate,1,45.72,MEDIUM
KL-3725,KLM,KL,DEL,HYD,Domestic,A320,VT-BKB,T3,B20,Departed,15/10/2024 23:24,15/10/2024 23:24,16/10/2024 02:24,16/10/2024 07:24,15/10/2024,23,181,149,82.68735433160171,1,15.583680356392888,15.583680356392888,8,8,100,58,2,170,0,ATC,On-Time,0,34.4,LOW
EK-3236,Emirates,EK,DEL,BOM,Domestic,A320,VT-PSH,T3,B30,Departed,29/10/2024 10:52,29/10/2024 10:52,29/10/2024 18:52,29/10/2024 18:52,29/10/2024,10,294,224,76.48810733260147,2,52.601389320412494,26.300694660206247,12,11,91.67,73,0,123,0,ATC,On-Time,0,22.17,LOW
QR-5045,Qatar Airways,QR,DEL,KUL,Long-Haul Intl,B787,VT-INH,T3,B19,Departed,09/12/2024 13:08,09/12/2024 13:38,09/12/2024 18:08,09/12/2024 22:38,09/12/2024,13,294,240,81.90744030336842,0,0,0,7,7,100,68,0,158,30,TURNAROUND,Moderate,1,18.65,LOW
KL-1446,KLM,KL,DEL,BOM,Domestic,B787,VT-TLI,T3,B1,Departed,17/11/2024 03:52,17/11/2024 03:52,17/11/2024 06:52,17/11/2024 07:52,17/11/2024,3,169,151,89.7702044,2,50.49719012371014,25.24859506185507,9,8,88.89,90,0,129,0,WX,On-Time,0,16.37,LOW
BA-5698,British Airways,BA,DEL,BLR,Domestic,B737,VT-BVM,T3,B30,Departed,06/10/2024 17:43,06/10/2024 18:43,07/10/2024 00:43,06/10/2024 21:43,06/10/2024,17,280,247,88.36492583250933,1,5.986784093020566,5.986784093020566,6,6,100,62,0,211,60,TURNAROUND,Moderate,1,15.94,LOW
KL-3752,KLM,KL,DEL,SIN,Long-Haul Intl,A320,VT-QTV,T3,B33,Departed,05/10/2024 15:42,05/10/2024 15:42,05/10/2024 17:42,05/10/2024 20:42,05/10/2024,15,317,247,78.08495942576084,5,95.29445966812482,19.058891933624963,11,5,45.45,71,0,155,0,TECH,On-Time,0,31.51,LOW
AF-6479,Air France,AF,DEL,DXB,Long-Haul Intl,A320,VT-OTF,T3,B28,Departed,08/11/2024 18:28,08/11/2024 18:28,08/11/2024 22:28,09/11/2024 03:28,08/11/2024,18,313,269,86.24965745450626,2,48.63248344827542,24.31624172413771,6,4,66.67,41,1,112,0,ATC,On-Time,0,47.29,MEDIUM
UK-2470,Vistara,UK,DEL,SIN,Long-Haul Intl,A350,VT-CER,T3,B44,Departed,19/12/2024 22:38,19/12/2024 22:38,20/12/2024 01:38,20/12/2024 05:38,19/12/2024,22,261,226,86.83800646866399,3,54.07081766373173,18.023605887910577,12,10,83.33,71,0,113,0,TURNAROUND,On-Time,0,25.86,LOW
IX-4561,Air India Express,IX,DEL,CDG,Long-Haul Intl,A350,VT-KMN,T3,B2,Departed,16/12/2024 03:06,16/12/2024 04:06,16/12/2024 09:06,16/12/2024 06:06,16/12/2024,3,257,222,86.62315151921027,2,46.0460693,23.02303465,9,9,100,90,1,75,60,TECH,Moderate,1,25.17,LOW
AF-8238,Air France,AF,DEL,FRA,Long-Haul Intl,A320,VT-KWP,T3,B25,Departed,21/10/2024 08:42,21/10/2024 09:12,21/10/2024 18:42,21/10/2024 12:12,21/10/2024,8,301,264,88.03357909378036,3,55.471610428483785,18.490536809494596,11,5,45.45,99,2,79,30,TECH,Moderate,1,41.96,MEDIUM
